flowKey,Speed
"(3, 1, '00:00:00:00:00:02', 2)",-1511.460900900901
"(3, 1, '00:00:00:00:00:02', 2)",0.0
"(3, 2, '00:00:00:00:00:02', 2)",0.0
"(4, 1, '00:00:00:00:00:02', 3)",0.0
"(4, 2, '00:00:00:00:00:02', 3)",0.0
"(2, 1, '00:00:00:00:00:02', 2)",-184.09527432333576
"(2, 1, '00:00:00:00:00:02', 2)",0.0
"(2, 2, '00:00:00:00:00:02', 2)",0.0
"(4, 1, '00:00:00:00:00:01', 3)",0.0
"(4, 1, '00:00:00:00:00:01', 3)",0.0
"(4, 1, '00:00:00:00:00:01', 3)",0.0
"(4, 1, '00:00:00:00:00:02', 3)",0.0
"(4, 1, '00:00:00:00:00:02', 3)",-112.7690539405142
"(4, 1, '00:00:00:00:00:02', 3)",0.0
"(4, 1, '00:00:00:00:00:02', 3)",108.51430604214951
"(4, 2, '00:00:00:00:00:01', 3)",0.0
"(4, 2, '00:00:00:00:00:01', 3)",0.0
"(4, 2, '00:00:00:00:00:01', 3)",0.0
"(4, 2, '00:00:00:00:00:02', 3)",0.0
"(4, 2, '00:00:00:00:00:02', 3)",-133.33769918537652
"(4, 2, '00:00:00:00:00:02', 3)",0.0
"(4, 2, '00:00:00:00:00:02', 3)",121.55200869407716
"(3, 1, '00:00:00:00:00:01', 2)",0.0
"(3, 1, '00:00:00:00:00:02', 2)",-137.21823336968376
"(3, 1, '00:00:00:00:00:02', 2)",85.22121232644768
"(3, 2, '00:00:00:00:00:01', 2)",0.0
"(3, 2, '00:00:00:00:00:02', 2)",0.0
"(3, 2, '00:00:00:00:00:02', 2)",0.0
"(3, 2, '00:00:00:00:00:02', 2)",0.0
"(3, 2, '00:00:00:00:00:02', 2)",0.0
"(2, 1, '00:00:00:00:00:01', 2)",0.0
"(2, 1, '00:00:00:00:00:02', 2)",-294.1221212563915
"(2, 1, '00:00:00:00:00:02', 2)",120.18063037249284
"(2, 2, '00:00:00:00:00:01', 2)",0.0
"(2, 2, '00:00:00:00:00:01', 2)",0.0
"(2, 2, '00:00:00:00:00:01', 2)",0.0
"(2, 2, '00:00:00:00:00:02', 2)",0.0
"(2, 2, '00:00:00:00:00:02', 2)",0.0
"(2, 2, '00:00:00:00:00:02', 2)",0.0
"(2, 2, '00:00:00:00:00:02', 2)",0.0
"(3, 1, '00:00:00:00:00:01', 2)",0.0
"(3, 1, '00:00:00:00:00:01', 2)",-74.50193982903453
"(3, 1, '00:00:00:00:00:01', 2)",0.0
"(3, 1, '00:00:00:00:00:02', 2)",-302.4738461538461
"(3, 1, '00:00:00:00:00:02', 2)",137.33055388813096
"(3, 1, '00:00:00:00:00:02', 2)",-91.4248181281504
"(3, 1, '00:00:00:00:00:02', 2)",0.0
"(3, 2, '00:00:00:00:00:01', 2)",0.0
"(3, 2, '00:00:00:00:00:01', 2)",0.0
"(3, 2, '00:00:00:00:00:01', 2)",0.0
"(3, 2, '00:00:00:00:00:02', 2)",0.0
"(3, 2, '00:00:00:00:00:02', 2)",0.0
"(3, 2, '00:00:00:00:00:02', 2)",0.0
"(3, 2, '00:00:00:00:00:02', 2)",0.0
"(4, 1, '00:00:00:00:00:01', 3)",125.17196717234519
"(4, 1, '00:00:00:00:00:01', 3)",-117.20025148445687
"(4, 1, '00:00:00:00:00:01', 3)",92.26699908340971
"(4, 1, '00:00:00:00:00:02', 3)",0.0
"(4, 1, '00:00:00:00:00:02', 3)",0.0
"(4, 1, '00:00:00:00:00:02', 3)",0.0
"(4, 1, '00:00:00:00:00:02', 3)",0.0
"(4, 1, '00:00:00:00:00:02', 3)",-133.62975706889685
"(4, 1, '00:00:00:00:00:02', 3)",0.0
"(4, 2, '00:00:00:00:00:01', 3)",0.0
"(4, 2, '00:00:00:00:00:01', 3)",-125.1486243550693
"(4, 2, '00:00:00:00:00:01', 3)",102.95402301201737
"(4, 2, '00:00:00:00:00:02', 3)",0.0
"(4, 2, '00:00:00:00:00:02', 3)",0.0
"(4, 2, '00:00:00:00:00:02', 3)",0.0
"(4, 2, '00:00:00:00:00:02', 3)",0.0
"(4, 2, '00:00:00:00:00:02', 3)",-58.47417717107174
"(4, 2, '00:00:00:00:00:02', 3)",0.0
"(2, 1, '00:00:00:00:00:01', 2)",0.0
"(2, 1, '00:00:00:00:00:02', 2)",-463.35234062140387
"(2, 1, '00:00:00:00:00:02', 2)",65.12051753137534
"(2, 1, '00:00:00:00:00:02', 2)",-64.50707850048062
"(2, 1, '00:00:00:00:00:02', 2)",0.0
"(2, 2, '00:00:00:00:00:01', 2)",0.0
"(2, 2, '00:00:00:00:00:01', 2)",0.0
"(2, 2, '00:00:00:00:00:01', 2)",0.0
"(2, 2, '00:00:00:00:00:02', 2)",0.0
"(2, 2, '00:00:00:00:00:02', 2)",0.0
"(2, 2, '00:00:00:00:00:02', 2)",0.0
"(2, 2, '00:00:00:00:00:02', 2)",0.0
"(4, 1, '00:00:00:00:00:01', 3)",0.0
"(4, 1, '00:00:00:00:00:01', 3)",0.0
"(4, 1, '00:00:00:00:00:01', 3)",0.0
"(4, 1, '00:00:00:00:00:02', 3)",0.0
"(4, 1, '00:00:00:00:00:02', 3)",0.0
"(4, 1, '00:00:00:00:00:02', 3)",0.0
"(4, 1, '00:00:00:00:00:02', 3)",0.0
"(4, 1, '00:00:00:00:00:02', 3)",-79.13781132075471
"(4, 1, '00:00:00:00:00:02', 3)",0.0
"(4, 2, '00:00:00:00:00:01', 3)",0.0
"(4, 2, '00:00:00:00:00:01', 3)",0.0
"(4, 2, '00:00:00:00:00:01', 3)",0.0
"(4, 2, '00:00:00:00:00:01', 3)",-142.0093052126684
"(4, 2, '00:00:00:00:00:01', 3)",0.0
"(4, 2, '00:00:00:00:00:02', 3)",0.0
"(4, 2, '00:00:00:00:00:02', 3)",0.0
"(4, 2, '00:00:00:00:00:02', 3)",0.0
"(4, 2, '00:00:00:00:00:02', 3)",0.0
"(4, 2, '00:00:00:00:00:02', 3)",-69.42056894589841
"(4, 2, '00:00:00:00:00:02', 3)",0.0
"(3, 1, '00:00:00:00:00:01', 2)",0.0
"(3, 1, '00:00:00:00:00:01', 2)",-113.56418772563177
"(3, 1, '00:00:00:00:00:01', 2)",0.0
"(3, 1, '00:00:00:00:00:02', 2)",-642.600038301947
"(3, 1, '00:00:00:00:00:02', 2)",72.25329888027564
"(3, 1, '00:00:00:00:00:02', 2)",-121.07685350012028
"(3, 1, '00:00:00:00:00:02', 2)",0.0
"(3, 2, '00:00:00:00:00:01', 2)",0.0
"(3, 2, '00:00:00:00:00:01', 2)",0.0
"(3, 2, '00:00:00:00:00:01', 2)",0.0
"(3, 2, '00:00:00:00:00:02', 2)",0.0
"(3, 2, '00:00:00:00:00:02', 2)",0.0
"(3, 2, '00:00:00:00:00:02', 2)",0.0
"(3, 2, '00:00:00:00:00:02', 2)",0.0
"(3, 2, '00:00:00:00:00:02', 2)",0.0
"(3, 2, '00:00:00:00:00:02', 2)",0.0
"(2, 1, '00:00:00:00:00:01', 2)",0.0
"(2, 1, '00:00:00:00:00:01', 2)",-89.27216743526074
"(2, 1, '00:00:00:00:00:01', 2)",0.0
"(2, 1, '00:00:00:00:00:02', 2)",-771.9577914110429
"(2, 1, '00:00:00:00:00:02', 2)",71.62353409939877
"(2, 1, '00:00:00:00:00:02', 2)",-110.67981968114348
"(2, 1, '00:00:00:00:00:02', 2)",0.0
"(2, 2, '00:00:00:00:00:01', 2)",0.0
"(2, 2, '00:00:00:00:00:01', 2)",0.0
"(2, 2, '00:00:00:00:00:01', 2)",0.0
"(2, 2, '00:00:00:00:00:02', 2)",0.0
"(2, 2, '00:00:00:00:00:02', 2)",0.0
"(2, 2, '00:00:00:00:00:02', 2)",0.0
"(2, 2, '00:00:00:00:00:02', 2)",0.0
"(2, 2, '00:00:00:00:00:02', 2)",0.0
"(2, 2, '00:00:00:00:00:02', 2)",0.0
"(4, 1, '00:00:00:00:00:01', 3)",0.0
"(4, 1, '00:00:00:00:00:01', 3)",0.0
"(4, 1, '00:00:00:00:00:01', 3)",0.0
"(4, 1, '00:00:00:00:00:01', 3)",-55.257888785200635
"(4, 1, '00:00:00:00:00:01', 3)",0.0
"(4, 1, '00:00:00:00:00:02', 3)",0.0
"(4, 1, '00:00:00:00:00:02', 3)",0.0
"(4, 1, '00:00:00:00:00:02', 3)",0.0
"(4, 1, '00:00:00:00:00:02', 3)",0.0
"(4, 1, '00:00:00:00:00:02', 3)",0.0
"(4, 1, '00:00:00:00:00:02', 3)",0.0
"(4, 2, '00:00:00:00:00:01', 3)",0.0
"(4, 2, '00:00:00:00:00:01', 3)",0.0
"(4, 2, '00:00:00:00:00:01', 3)",0.0
"(4, 2, '00:00:00:00:00:01', 3)",-129.28756229129206
"(4, 2, '00:00:00:00:00:01', 3)",0.0
"(4, 2, '00:00:00:00:00:02', 3)",0.0
"(4, 2, '00:00:00:00:00:02', 3)",0.0
"(4, 2, '00:00:00:00:00:02', 3)",0.0
"(4, 2, '00:00:00:00:00:02', 3)",0.0
"(4, 2, '00:00:00:00:00:02', 3)",0.0
"(4, 2, '00:00:00:00:00:02', 3)",0.0
"(2, 1, '00:00:00:00:00:01', 2)",0.0
"(2, 1, '00:00:00:00:00:01', 2)",-115.19516621845854
"(2, 1, '00:00:00:00:00:01', 2)",0.0
"(2, 1, '00:00:00:00:00:02', 2)",-516.0897000769033
"(2, 1, '00:00:00:00:00:02', 2)",71.17283275002652
"(2, 1, '00:00:00:00:00:02', 2)",-57.63385778083133
"(2, 1, '00:00:00:00:00:02', 2)",0.0
"(2, 1, '00:00:00:00:00:02', 2)",0.0
"(2, 1, '00:00:00:00:00:02', 2)",0.0
"(2, 2, '00:00:00:00:00:01', 2)",0.0
"(2, 2, '00:00:00:00:00:01', 2)",0.0
"(2, 2, '00:00:00:00:00:01', 2)",0.0
"(2, 2, '00:00:00:00:00:01', 2)",0.0
"(2, 2, '00:00:00:00:00:01', 2)",0.0
"(2, 2, '00:00:00:00:00:02', 2)",0.0
"(2, 2, '00:00:00:00:00:02', 2)",0.0
"(2, 2, '00:00:00:00:00:02', 2)",0.0
"(2, 2, '00:00:00:00:00:02', 2)",0.0
"(2, 2, '00:00:00:00:00:02', 2)",0.0
"(2, 2, '00:00:00:00:00:02', 2)",0.0
"(3, 1, '00:00:00:00:00:01', 2)",0.0
"(3, 1, '00:00:00:00:00:01', 2)",-115.18198523943018
"(3, 1, '00:00:00:00:00:01', 2)",0.0
"(3, 1, '00:00:00:00:00:02', 2)",-543.5383153347733
"(3, 1, '00:00:00:00:00:02', 2)",121.5006590223295
"(3, 1, '00:00:00:00:00:02', 2)",-85.59076269024743
"(3, 1, '00:00:00:00:00:02', 2)",0.0
"(3, 1, '00:00:00:00:00:02', 2)",0.0
"(3, 1, '00:00:00:00:00:02', 2)",0.0
"(3, 2, '00:00:00:00:00:01', 2)",0.0
"(3, 2, '00:00:00:00:00:01', 2)",0.0
"(3, 2, '00:00:00:00:00:01', 2)",0.0
"(3, 2, '00:00:00:00:00:02', 2)",0.0
"(3, 2, '00:00:00:00:00:02', 2)",0.0
"(3, 2, '00:00:00:00:00:02', 2)",0.0
"(3, 2, '00:00:00:00:00:02', 2)",0.0
"(3, 2, '00:00:00:00:00:02', 2)",0.0
"(3, 2, '00:00:00:00:00:02', 2)",0.0
"(2, 1, '00:00:00:00:00:01', 2)",0.0
"(2, 1, '00:00:00:00:00:01', 2)",-87.39271259278553
"(2, 1, '00:00:00:00:00:01', 2)",0.0
"(2, 1, '00:00:00:00:00:02', 2)",-607.8701449275362
"(2, 1, '00:00:00:00:00:02', 2)",60.427587117687665
"(2, 1, '00:00:00:00:00:02', 2)",-139.28780406807806
"(2, 1, '00:00:00:00:00:02', 2)",0.0
"(2, 1, '00:00:00:00:00:02', 2)",0.0
"(2, 1, '00:00:00:00:00:02', 2)",0.0
"(2, 2, '00:00:00:00:00:01', 2)",0.0
"(2, 2, '00:00:00:00:00:01', 2)",0.0
"(2, 2, '00:00:00:00:00:01', 2)",0.0
"(2, 2, '00:00:00:00:00:01', 2)",0.0
"(2, 2, '00:00:00:00:00:01', 2)",0.0
"(2, 2, '00:00:00:00:00:02', 2)",0.0
"(2, 2, '00:00:00:00:00:02', 2)",0.0
"(2, 2, '00:00:00:00:00:02', 2)",0.0
"(2, 2, '00:00:00:00:00:02', 2)",0.0
"(2, 2, '00:00:00:00:00:02', 2)",0.0
"(2, 2, '00:00:00:00:00:02', 2)",0.0
"(3, 1, '00:00:00:00:00:01', 2)",0.0
"(3, 1, '00:00:00:00:00:01', 2)",-75.28760779327624
"(3, 1, '00:00:00:00:00:01', 2)",0.0
"(3, 1, '00:00:00:00:00:02', 2)",-917.623482224248
"(3, 1, '00:00:00:00:00:02', 2)",231.91635986637485
"(3, 1, '00:00:00:00:00:02', 2)",-70.32015089067413
"(3, 1, '00:00:00:00:00:02', 2)",0.0
"(3, 1, '00:00:00:00:00:02', 2)",0.0
"(3, 1, '00:00:00:00:00:02', 2)",0.0
"(3, 2, '00:00:00:00:00:01', 2)",0.0
"(3, 2, '00:00:00:00:00:01', 2)",0.0
"(3, 2, '00:00:00:00:00:01', 2)",0.0
"(3, 2, '00:00:00:00:00:01', 2)",0.0
"(3, 2, '00:00:00:00:00:01', 2)",0.0
"(3, 2, '00:00:00:00:00:02', 2)",0.0
"(3, 2, '00:00:00:00:00:02', 2)",0.0
"(3, 2, '00:00:00:00:00:02', 2)",0.0
"(3, 2, '00:00:00:00:00:02', 2)",0.0
"(3, 2, '00:00:00:00:00:02', 2)",0.0
"(3, 2, '00:00:00:00:00:02', 2)",0.0
"(4, 1, '00:00:00:00:00:01', 3)",0.0
"(4, 1, '00:00:00:00:00:01', 3)",0.0
"(4, 1, '00:00:00:00:00:01', 3)",0.0
"(4, 1, '00:00:00:00:00:01', 3)",-80.0216987956596
"(4, 1, '00:00:00:00:00:01', 3)",0.0
"(4, 1, '00:00:00:00:00:02', 3)",0.0
"(4, 1, '00:00:00:00:00:02', 3)",0.0
"(4, 1, '00:00:00:00:00:02', 3)",0.0
"(4, 1, '00:00:00:00:00:02', 3)",0.0
"(4, 1, '00:00:00:00:00:02', 3)",0.0
"(4, 1, '00:00:00:00:00:02', 3)",0.0
"(4, 1, '00:00:00:00:00:02', 3)",-95.28899659219992
"(4, 1, '00:00:00:00:00:02', 3)",0.0
"(4, 2, '00:00:00:00:00:01', 3)",0.0
"(4, 2, '00:00:00:00:00:01', 3)",0.0
"(4, 2, '00:00:00:00:00:01', 3)",0.0
"(4, 2, '00:00:00:00:00:01', 3)",-99.0829233722132
"(4, 2, '00:00:00:00:00:01', 3)",0.0
"(4, 2, '00:00:00:00:00:02', 3)",0.0
"(4, 2, '00:00:00:00:00:02', 3)",0.0
"(4, 2, '00:00:00:00:00:02', 3)",0.0
"(4, 2, '00:00:00:00:00:02', 3)",0.0
"(4, 2, '00:00:00:00:00:02', 3)",0.0
"(4, 2, '00:00:00:00:00:02', 3)",0.0
"(4, 2, '00:00:00:00:00:02', 3)",-98.8931093427645
"(4, 2, '00:00:00:00:00:02', 3)",0.0
"(3, 1, '00:00:00:00:00:01', 2)",0.0
"(3, 1, '00:00:00:00:00:01', 2)",-86.236011308147
"(3, 1, '00:00:00:00:00:01', 2)",0.0
"(3, 1, '00:00:00:00:00:01', 2)",0.0
"(3, 1, '00:00:00:00:00:01', 2)",0.0
"(3, 1, '00:00:00:00:00:02', 2)",-864.8049484536082
"(3, 1, '00:00:00:00:00:02', 2)",76.50058593304709
"(3, 1, '00:00:00:00:00:02', 2)",-137.02211393180426
"(3, 1, '00:00:00:00:00:02', 2)",0.0
"(3, 1, '00:00:00:00:00:02', 2)",0.0
"(3, 1, '00:00:00:00:00:02', 2)",0.0
"(3, 2, '00:00:00:00:00:01', 2)",0.0
"(3, 2, '00:00:00:00:00:01', 2)",0.0
"(3, 2, '00:00:00:00:00:01', 2)",0.0
"(3, 2, '00:00:00:00:00:01', 2)",0.0
"(3, 2, '00:00:00:00:00:01', 2)",0.0
"(3, 2, '00:00:00:00:00:02', 2)",0.0
"(3, 2, '00:00:00:00:00:02', 2)",0.0
"(3, 2, '00:00:00:00:00:02', 2)",0.0
"(3, 2, '00:00:00:00:00:02', 2)",0.0
"(3, 2, '00:00:00:00:00:02', 2)",0.0
"(3, 2, '00:00:00:00:00:02', 2)",0.0
"(3, 2, '00:00:00:00:00:02', 2)",0.0
"(3, 2, '00:00:00:00:00:02', 2)",0.0
"(2, 1, '00:00:00:00:00:01', 2)",0.0
"(2, 1, '00:00:00:00:00:01', 2)",-143.29294804270464
"(2, 1, '00:00:00:00:00:01', 2)",0.0
"(2, 1, '00:00:00:00:00:01', 2)",0.0
"(2, 1, '00:00:00:00:00:01', 2)",0.0
"(2, 1, '00:00:00:00:00:02', 2)",-574.0706928999144
"(2, 1, '00:00:00:00:00:02', 2)",90.62234065538351
"(2, 1, '00:00:00:00:00:02', 2)",-67.10662711242959
"(2, 1, '00:00:00:00:00:02', 2)",0.0
"(2, 1, '00:00:00:00:00:02', 2)",0.0
"(2, 1, '00:00:00:00:00:02', 2)",0.0
"(2, 2, '00:00:00:00:00:01', 2)",0.0
"(2, 2, '00:00:00:00:00:01', 2)",0.0
"(2, 2, '00:00:00:00:00:01', 2)",0.0
"(2, 2, '00:00:00:00:00:01', 2)",0.0
"(2, 2, '00:00:00:00:00:01', 2)",0.0
"(2, 2, '00:00:00:00:00:02', 2)",0.0
"(2, 2, '00:00:00:00:00:02', 2)",0.0
"(2, 2, '00:00:00:00:00:02', 2)",0.0
"(2, 2, '00:00:00:00:00:02', 2)",0.0
"(2, 2, '00:00:00:00:00:02', 2)",0.0
"(2, 2, '00:00:00:00:00:02', 2)",0.0
"(2, 2, '00:00:00:00:00:02', 2)",0.0
"(2, 2, '00:00:00:00:00:02', 2)",0.0
"(4, 1, '00:00:00:00:00:01', 3)",0.0
"(4, 1, '00:00:00:00:00:01', 3)",0.0
"(4, 1, '00:00:00:00:00:01', 3)",0.0
"(4, 1, '00:00:00:00:00:01', 3)",0.0
"(4, 1, '00:00:00:00:00:01', 3)",0.0
"(4, 1, '00:00:00:00:00:02', 3)",0.0
"(4, 1, '00:00:00:00:00:02', 3)",0.0
"(4, 1, '00:00:00:00:00:02', 3)",0.0
"(4, 1, '00:00:00:00:00:02', 3)",0.0
"(4, 1, '00:00:00:00:00:02', 3)",0.0
"(4, 1, '00:00:00:00:00:02', 3)",0.0
"(4, 1, '00:00:00:00:00:02', 3)",-134.621592778335
"(4, 1, '00:00:00:00:00:02', 3)",0.0
"(4, 2, '00:00:00:00:00:01', 3)",0.0
"(4, 2, '00:00:00:00:00:01', 3)",0.0
"(4, 2, '00:00:00:00:00:01', 3)",0.0
"(4, 2, '00:00:00:00:00:01', 3)",0.0
"(4, 2, '00:00:00:00:00:01', 3)",0.0
"(4, 2, '00:00:00:00:00:02', 3)",0.0
"(4, 2, '00:00:00:00:00:02', 3)",0.0
"(4, 2, '00:00:00:00:00:02', 3)",0.0
"(4, 2, '00:00:00:00:00:02', 3)",0.0
"(4, 2, '00:00:00:00:00:02', 3)",0.0
"(4, 2, '00:00:00:00:00:02', 3)",0.0
"(4, 2, '00:00:00:00:00:02', 3)",-80.24816326530612
"(4, 2, '00:00:00:00:00:02', 3)",0.0
"(2, 1, '00:00:00:00:00:01', 2)",0.0
"(2, 1, '00:00:00:00:00:01', 2)",-223.00242800177227
"(2, 1, '00:00:00:00:00:01', 2)",0.0
"(2, 1, '00:00:00:00:00:01', 2)",0.0
"(2, 1, '00:00:00:00:00:01', 2)",0.0
"(2, 1, '00:00:00:00:00:02', 2)",-613.6135080768058
"(2, 1, '00:00:00:00:00:02', 2)",141.59979743986494
"(2, 1, '00:00:00:00:00:02', 2)",-108.28085408487064
"(2, 1, '00:00:00:00:00:02', 2)",0.0
"(2, 1, '00:00:00:00:00:02', 2)",0.0
"(2, 1, '00:00:00:00:00:02', 2)",0.0
"(2, 2, '00:00:00:00:00:01', 2)",0.0
"(2, 2, '00:00:00:00:00:01', 2)",0.0
"(2, 2, '00:00:00:00:00:01', 2)",0.0
"(2, 2, '00:00:00:00:00:01', 2)",0.0
"(2, 2, '00:00:00:00:00:01', 2)",0.0
"(2, 2, '00:00:00:00:00:02', 2)",0.0
"(2, 2, '00:00:00:00:00:02', 2)",0.0
"(2, 2, '00:00:00:00:00:02', 2)",0.0
"(2, 2, '00:00:00:00:00:02', 2)",0.0
"(2, 2, '00:00:00:00:00:02', 2)",0.0
"(2, 2, '00:00:00:00:00:02', 2)",0.0
"(2, 2, '00:00:00:00:00:02', 2)",0.0
"(2, 2, '00:00:00:00:00:02', 2)",0.0
"(3, 1, '00:00:00:00:00:01', 2)",0.0
"(3, 1, '00:00:00:00:00:01', 2)",-74.09067530269017
"(3, 1, '00:00:00:00:00:01', 2)",0.0
"(3, 1, '00:00:00:00:00:01', 2)",0.0
"(3, 1, '00:00:00:00:00:01', 2)",0.0
"(3, 1, '00:00:00:00:00:02', 2)",-972.592231884058
"(3, 1, '00:00:00:00:00:02', 2)",142.33057051961825
"(3, 1, '00:00:00:00:00:02', 2)",-133.37303212984432
"(3, 1, '00:00:00:00:00:02', 2)",0.0
"(3, 1, '00:00:00:00:00:02', 2)",0.0
"(3, 1, '00:00:00:00:00:02', 2)",0.0
"(3, 2, '00:00:00:00:00:01', 2)",0.0
"(3, 2, '00:00:00:00:00:01', 2)",0.0
"(3, 2, '00:00:00:00:00:01', 2)",0.0
"(3, 2, '00:00:00:00:00:01', 2)",0.0
"(3, 2, '00:00:00:00:00:01', 2)",0.0
"(3, 2, '00:00:00:00:00:02', 2)",0.0
"(3, 2, '00:00:00:00:00:02', 2)",0.0
"(3, 2, '00:00:00:00:00:02', 2)",0.0
"(3, 2, '00:00:00:00:00:02', 2)",0.0
"(3, 2, '00:00:00:00:00:02', 2)",0.0
"(3, 2, '00:00:00:00:00:02', 2)",0.0
"(3, 2, '00:00:00:00:00:02', 2)",0.0
"(3, 2, '00:00:00:00:00:02', 2)",0.0
"(4, 1, '00:00:00:00:00:01', 3)",0.0
"(4, 1, '00:00:00:00:00:01', 3)",0.0
"(4, 1, '00:00:00:00:00:01', 3)",0.0
"(4, 1, '00:00:00:00:00:01', 3)",0.0
"(4, 1, '00:00:00:00:00:01', 3)",0.0
"(4, 1, '00:00:00:00:00:01', 3)",-224.54449252732547
"(4, 1, '00:00:00:00:00:02', 3)",0.0
"(4, 1, '00:00:00:00:00:02', 3)",0.0
"(4, 1, '00:00:00:00:00:02', 3)",0.0
"(4, 1, '00:00:00:00:00:02', 3)",0.0
"(4, 1, '00:00:00:00:00:02', 3)",0.0
"(4, 1, '00:00:00:00:00:02', 3)",0.0
"(4, 1, '00:00:00:00:00:02', 3)",-117.79684746357732
"(4, 1, '00:00:00:00:00:02', 3)",0.0
"(4, 2, '00:00:00:00:00:01', 3)",0.0
"(4, 2, '00:00:00:00:00:01', 3)",0.0
"(4, 2, '00:00:00:00:00:01', 3)",0.0
"(4, 2, '00:00:00:00:00:01', 3)",0.0
"(4, 2, '00:00:00:00:00:01', 3)",0.0
"(4, 2, '00:00:00:00:00:01', 3)",-72.52398847262249
"(4, 2, '00:00:00:00:00:01', 3)",0.0
"(4, 2, '00:00:00:00:00:02', 3)",0.0
"(4, 2, '00:00:00:00:00:02', 3)",0.0
"(4, 2, '00:00:00:00:00:02', 3)",0.0
"(4, 2, '00:00:00:00:00:02', 3)",0.0
"(4, 2, '00:00:00:00:00:02', 3)",0.0
"(4, 2, '00:00:00:00:00:02', 3)",0.0
"(4, 2, '00:00:00:00:00:02', 3)",-181.2936443043674
"(4, 2, '00:00:00:00:00:02', 3)",0.0
"(2, 1, '00:00:00:00:00:01', 2)",0.0
"(2, 1, '00:00:00:00:00:01', 2)",-101.3780109773906
"(2, 1, '00:00:00:00:00:01', 2)",0.0
"(2, 1, '00:00:00:00:00:01', 2)",0.0
"(2, 1, '00:00:00:00:00:01', 2)",0.0
"(2, 1, '00:00:00:00:00:02', 2)",-1770.6824274406333
"(2, 1, '00:00:00:00:00:02', 2)",175.6010396860009
"(2, 1, '00:00:00:00:00:02', 2)",-144.09289436014888
"(2, 1, '00:00:00:00:00:02', 2)",0.0
"(2, 1, '00:00:00:00:00:02', 2)",0.0
"(2, 1, '00:00:00:00:00:02', 2)",0.0
"(2, 1, '00:00:00:00:00:02', 2)",0.0
"(2, 1, '00:00:00:00:00:02', 2)",0.0
"(2, 2, '00:00:00:00:00:01', 2)",0.0
"(2, 2, '00:00:00:00:00:01', 2)",0.0
"(2, 2, '00:00:00:00:00:01', 2)",0.0
"(2, 2, '00:00:00:00:00:01', 2)",0.0
"(2, 2, '00:00:00:00:00:01', 2)",0.0
"(2, 2, '00:00:00:00:00:01', 2)",0.0
"(2, 2, '00:00:00:00:00:02', 2)",0.0
"(2, 2, '00:00:00:00:00:02', 2)",0.0
"(2, 2, '00:00:00:00:00:02', 2)",0.0
"(2, 2, '00:00:00:00:00:02', 2)",0.0
"(2, 2, '00:00:00:00:00:02', 2)",0.0
"(2, 2, '00:00:00:00:00:02', 2)",0.0
"(2, 2, '00:00:00:00:00:02', 2)",0.0
"(2, 2, '00:00:00:00:00:02', 2)",0.0
"(3, 1, '00:00:00:00:00:01', 2)",0.0
"(3, 1, '00:00:00:00:00:01', 2)",-224.945912849162
"(3, 1, '00:00:00:00:00:01', 2)",0.0
"(3, 1, '00:00:00:00:00:01', 2)",0.0
"(3, 1, '00:00:00:00:00:01', 2)",0.0
"(3, 1, '00:00:00:00:00:02', 2)",-509.30076397672656
"(3, 1, '00:00:00:00:00:02', 2)",61.711191760667
"(3, 1, '00:00:00:00:00:02', 2)",-89.29592477601349
"(3, 1, '00:00:00:00:00:02', 2)",0.0
"(3, 1, '00:00:00:00:00:02', 2)",0.0
"(3, 1, '00:00:00:00:00:02', 2)",0.0
"(3, 1, '00:00:00:00:00:02', 2)",0.0
"(3, 2, '00:00:00:00:00:01', 2)",0.0
"(3, 2, '00:00:00:00:00:01', 2)",0.0
"(3, 2, '00:00:00:00:00:01', 2)",0.0
"(3, 2, '00:00:00:00:00:01', 2)",0.0
"(3, 2, '00:00:00:00:00:01', 2)",0.0
"(3, 2, '00:00:00:00:00:02', 2)",0.0
"(3, 2, '00:00:00:00:00:02', 2)",0.0
"(3, 2, '00:00:00:00:00:02', 2)",0.0
"(3, 2, '00:00:00:00:00:02', 2)",0.0
"(3, 2, '00:00:00:00:00:02', 2)",0.0
"(3, 2, '00:00:00:00:00:02', 2)",0.0
"(3, 2, '00:00:00:00:00:02', 2)",0.0
"(3, 2, '00:00:00:00:00:02', 2)",0.0
"(4, 1, '00:00:00:00:00:01', 3)",0.0
"(4, 1, '00:00:00:00:00:01', 3)",0.0
"(4, 1, '00:00:00:00:00:01', 3)",0.0
"(4, 1, '00:00:00:00:00:01', 3)",0.0
"(4, 1, '00:00:00:00:00:01', 3)",0.0
"(4, 1, '00:00:00:00:00:01', 3)",-140.90606942889139
"(4, 1, '00:00:00:00:00:01', 3)",0.0
"(4, 1, '00:00:00:00:00:02', 3)",0.0
"(4, 1, '00:00:00:00:00:02', 3)",0.0
"(4, 1, '00:00:00:00:00:02', 3)",0.0
"(4, 1, '00:00:00:00:00:02', 3)",0.0
"(4, 1, '00:00:00:00:00:02', 3)",0.0
"(4, 1, '00:00:00:00:00:02', 3)",0.0
"(4, 1, '00:00:00:00:00:02', 3)",0.0
"(4, 1, '00:00:00:00:00:02', 3)",0.0
"(4, 2, '00:00:00:00:00:01', 3)",0.0
"(4, 2, '00:00:00:00:00:01', 3)",0.0
"(4, 2, '00:00:00:00:00:01', 3)",0.0
"(4, 2, '00:00:00:00:00:01', 3)",0.0
"(4, 2, '00:00:00:00:00:01', 3)",0.0
"(4, 2, '00:00:00:00:00:01', 3)",-103.63769793060847
"(4, 2, '00:00:00:00:00:01', 3)",0.0
"(4, 2, '00:00:00:00:00:02', 3)",0.0
"(4, 2, '00:00:00:00:00:02', 3)",0.0
"(4, 2, '00:00:00:00:00:02', 3)",0.0
"(4, 2, '00:00:00:00:00:02', 3)",0.0
"(4, 2, '00:00:00:00:00:02', 3)",0.0
"(4, 2, '00:00:00:00:00:02', 3)",0.0
"(4, 2, '00:00:00:00:00:02', 3)",0.0
"(4, 2, '00:00:00:00:00:02', 3)",-195.4057963699893
"(2, 1, '00:00:00:00:00:01', 2)",0.0
"(2, 1, '00:00:00:00:00:01', 2)",-132.6349509190329
"(2, 1, '00:00:00:00:00:01', 2)",0.0
"(2, 1, '00:00:00:00:00:01', 2)",0.0
"(2, 1, '00:00:00:00:00:01', 2)",0.0
"(2, 1, '00:00:00:00:00:02', 2)",-472.043592028136
"(2, 1, '00:00:00:00:00:02', 2)",98.34721899272141
"(2, 1, '00:00:00:00:00:02', 2)",-111.50121400088614
"(2, 1, '00:00:00:00:00:02', 2)",0.0
"(2, 1, '00:00:00:00:00:02', 2)",0.0
"(2, 1, '00:00:00:00:00:02', 2)",0.0
"(2, 1, '00:00:00:00:00:02', 2)",0.0
"(2, 1, '00:00:00:00:00:02', 2)",0.0
"(2, 2, '00:00:00:00:00:01', 2)",0.0
"(2, 2, '00:00:00:00:00:01', 2)",0.0
"(2, 2, '00:00:00:00:00:01', 2)",0.0
"(2, 2, '00:00:00:00:00:01', 2)",0.0
"(2, 2, '00:00:00:00:00:01', 2)",0.0
"(2, 2, '00:00:00:00:00:01', 2)",0.0
"(2, 2, '00:00:00:00:00:01', 2)",0.0
"(2, 2, '00:00:00:00:00:02', 2)",0.0
"(2, 2, '00:00:00:00:00:02', 2)",0.0
"(2, 2, '00:00:00:00:00:02', 2)",0.0
"(2, 2, '00:00:00:00:00:02', 2)",0.0
"(2, 2, '00:00:00:00:00:02', 2)",0.0
"(2, 2, '00:00:00:00:00:02', 2)",0.0
"(2, 2, '00:00:00:00:00:02', 2)",0.0
"(2, 2, '00:00:00:00:00:02', 2)",0.0
"(4, 1, '00:00:00:00:00:01', 3)",0.0
"(4, 1, '00:00:00:00:00:01', 3)",0.0
"(4, 1, '00:00:00:00:00:01', 3)",0.0
"(4, 1, '00:00:00:00:00:01', 3)",0.0
"(4, 1, '00:00:00:00:00:01', 3)",0.0
"(4, 1, '00:00:00:00:00:01', 3)",-124.72993742642959
"(4, 1, '00:00:00:00:00:01', 3)",0.0
"(4, 1, '00:00:00:00:00:02', 3)",0.0
"(4, 1, '00:00:00:00:00:02', 3)",0.0
"(4, 1, '00:00:00:00:00:02', 3)",0.0
"(4, 1, '00:00:00:00:00:02', 3)",0.0
"(4, 1, '00:00:00:00:00:02', 3)",0.0
"(4, 1, '00:00:00:00:00:02', 3)",0.0
"(4, 1, '00:00:00:00:00:02', 3)",0.0
"(4, 1, '00:00:00:00:00:02', 3)",0.0
"(4, 2, '00:00:00:00:00:01', 3)",0.0
"(4, 2, '00:00:00:00:00:01', 3)",0.0
"(4, 2, '00:00:00:00:00:01', 3)",0.0
"(4, 2, '00:00:00:00:00:01', 3)",0.0
"(4, 2, '00:00:00:00:00:01', 3)",0.0
"(4, 2, '00:00:00:00:00:01', 3)",-121.48599565532223
"(4, 2, '00:00:00:00:00:01', 3)",0.0
"(4, 2, '00:00:00:00:00:02', 3)",0.0
"(4, 2, '00:00:00:00:00:02', 3)",0.0
"(4, 2, '00:00:00:00:00:02', 3)",0.0
"(4, 2, '00:00:00:00:00:02', 3)",0.0
"(4, 2, '00:00:00:00:00:02', 3)",0.0
"(4, 2, '00:00:00:00:00:02', 3)",0.0
"(4, 2, '00:00:00:00:00:02', 3)",0.0
"(4, 2, '00:00:00:00:00:02', 3)",0.0
"(3, 1, '00:00:00:00:00:01', 2)",0.0
"(3, 1, '00:00:00:00:00:01', 2)",-204.39247918781726
"(3, 1, '00:00:00:00:00:01', 2)",0.0
"(3, 1, '00:00:00:00:00:01', 2)",0.0
"(3, 1, '00:00:00:00:00:01', 2)",0.0
"(3, 1, '00:00:00:00:00:02', 2)",-697.3557048839626
"(3, 1, '00:00:00:00:00:02', 2)",133.96765504391803
"(3, 1, '00:00:00:00:00:02', 2)",-85.13832283164884
"(3, 1, '00:00:00:00:00:02', 2)",0.0
"(3, 1, '00:00:00:00:00:02', 2)",0.0
"(3, 1, '00:00:00:00:00:02', 2)",0.0
"(3, 1, '00:00:00:00:00:02', 2)",0.0
"(3, 1, '00:00:00:00:00:02', 2)",0.0
"(3, 2, '00:00:00:00:00:01', 2)",0.0
"(3, 2, '00:00:00:00:00:01', 2)",0.0
"(3, 2, '00:00:00:00:00:01', 2)",0.0
"(3, 2, '00:00:00:00:00:01', 2)",0.0
"(3, 2, '00:00:00:00:00:01', 2)",0.0
"(3, 2, '00:00:00:00:00:01', 2)",0.0
"(3, 2, '00:00:00:00:00:02', 2)",0.0
"(3, 2, '00:00:00:00:00:02', 2)",0.0
"(3, 2, '00:00:00:00:00:02', 2)",0.0
"(3, 2, '00:00:00:00:00:02', 2)",0.0
"(3, 2, '00:00:00:00:00:02', 2)",0.0
"(3, 2, '00:00:00:00:00:02', 2)",0.0
"(3, 2, '00:00:00:00:00:02', 2)",0.0
"(3, 2, '00:00:00:00:00:02', 2)",0.0
"(4, 1, '00:00:00:00:00:01', 3)",0.0
"(4, 1, '00:00:00:00:00:01', 3)",0.0
"(4, 1, '00:00:00:00:00:01', 3)",0.0
"(4, 1, '00:00:00:00:00:01', 3)",0.0
"(4, 1, '00:00:00:00:00:01', 3)",0.0
"(4, 1, '00:00:00:00:00:01', 3)",-126.14448120300752
"(4, 1, '00:00:00:00:00:01', 3)",0.0
"(4, 1, '00:00:00:00:00:02', 3)",0.0
"(4, 1, '00:00:00:00:00:02', 3)",0.0
"(4, 1, '00:00:00:00:00:02', 3)",0.0
"(4, 1, '00:00:00:00:00:02', 3)",0.0
"(4, 1, '00:00:00:00:00:02', 3)",0.0
"(4, 1, '00:00:00:00:00:02', 3)",0.0
"(4, 1, '00:00:00:00:00:02', 3)",0.0
"(4, 1, '00:00:00:00:00:02', 3)",0.0
"(4, 1, '00:00:00:00:00:02', 3)",-220.17343832020998
"(4, 1, '00:00:00:00:00:02', 3)",0.0
"(4, 2, '00:00:00:00:00:01', 3)",0.0
"(4, 2, '00:00:00:00:00:01', 3)",0.0
"(4, 2, '00:00:00:00:00:01', 3)",0.0
"(4, 2, '00:00:00:00:00:01', 3)",0.0
"(4, 2, '00:00:00:00:00:01', 3)",0.0
"(4, 2, '00:00:00:00:00:01', 3)",-159.59301783590962
"(4, 2, '00:00:00:00:00:01', 3)",0.0
"(4, 2, '00:00:00:00:00:02', 3)",0.0
"(4, 2, '00:00:00:00:00:02', 3)",0.0
"(4, 2, '00:00:00:00:00:02', 3)",0.0
"(4, 2, '00:00:00:00:00:02', 3)",0.0
"(4, 2, '00:00:00:00:00:02', 3)",0.0
"(4, 2, '00:00:00:00:00:02', 3)",0.0
"(4, 2, '00:00:00:00:00:02', 3)",0.0
"(4, 2, '00:00:00:00:00:02', 3)",0.0
"(4, 2, '00:00:00:00:00:02', 3)",-225.42446758481694
"(2, 1, '00:00:00:00:00:01', 2)",0.0
"(2, 1, '00:00:00:00:00:01', 2)",-88.51465904594417
"(2, 1, '00:00:00:00:00:01', 2)",0.0
"(2, 1, '00:00:00:00:00:01', 2)",0.0
"(2, 1, '00:00:00:00:00:01', 2)",0.0
"(2, 1, '00:00:00:00:00:02', 2)",-503.31647999999996
"(2, 1, '00:00:00:00:00:02', 2)",88.76051141874615
"(2, 1, '00:00:00:00:00:02', 2)",-92.78578302147663
"(2, 1, '00:00:00:00:00:02', 2)",0.0
"(2, 1, '00:00:00:00:00:02', 2)",0.0
"(2, 1, '00:00:00:00:00:02', 2)",0.0
"(2, 1, '00:00:00:00:00:02', 2)",0.0
"(2, 1, '00:00:00:00:00:02', 2)",0.0
"(2, 2, '00:00:00:00:00:01', 2)",0.0
"(2, 2, '00:00:00:00:00:01', 2)",0.0
"(2, 2, '00:00:00:00:00:01', 2)",0.0
"(2, 2, '00:00:00:00:00:01', 2)",0.0
"(2, 2, '00:00:00:00:00:01', 2)",0.0
"(2, 2, '00:00:00:00:00:01', 2)",0.0
"(2, 2, '00:00:00:00:00:01', 2)",0.0
"(2, 2, '00:00:00:00:00:02', 2)",0.0
"(2, 2, '00:00:00:00:00:02', 2)",0.0
"(2, 2, '00:00:00:00:00:02', 2)",0.0
"(2, 2, '00:00:00:00:00:02', 2)",0.0
"(2, 2, '00:00:00:00:00:02', 2)",0.0
"(2, 2, '00:00:00:00:00:02', 2)",0.0
"(2, 2, '00:00:00:00:00:02', 2)",0.0
"(2, 2, '00:00:00:00:00:02', 2)",0.0
"(3, 1, '00:00:00:00:00:01', 2)",0.0
"(3, 1, '00:00:00:00:00:01', 2)",-79.43444150720063
"(3, 1, '00:00:00:00:00:01', 2)",0.0
"(3, 1, '00:00:00:00:00:01', 2)",0.0
"(3, 1, '00:00:00:00:00:01', 2)",0.0
"(3, 1, '00:00:00:00:00:02', 2)",-980.6458451047248
"(3, 1, '00:00:00:00:00:02', 2)",160.27911153570574
"(3, 1, '00:00:00:00:00:02', 2)",-97.00616363110726
"(3, 1, '00:00:00:00:00:02', 2)",0.0
"(3, 1, '00:00:00:00:00:02', 2)",0.0
"(3, 1, '00:00:00:00:00:02', 2)",0.0
"(3, 1, '00:00:00:00:00:02', 2)",0.0
"(3, 1, '00:00:00:00:00:02', 2)",0.0
"(3, 2, '00:00:00:00:00:01', 2)",0.0
"(3, 2, '00:00:00:00:00:01', 2)",0.0
"(3, 2, '00:00:00:00:00:01', 2)",0.0
"(3, 2, '00:00:00:00:00:01', 2)",0.0
"(3, 2, '00:00:00:00:00:01', 2)",0.0
"(3, 2, '00:00:00:00:00:01', 2)",0.0
"(3, 2, '00:00:00:00:00:01', 2)",0.0
"(3, 2, '00:00:00:00:00:02', 2)",0.0
"(3, 2, '00:00:00:00:00:02', 2)",0.0
"(3, 2, '00:00:00:00:00:02', 2)",0.0
"(3, 2, '00:00:00:00:00:02', 2)",0.0
"(3, 2, '00:00:00:00:00:02', 2)",0.0
"(3, 2, '00:00:00:00:00:02', 2)",0.0
"(3, 2, '00:00:00:00:00:02', 2)",0.0
"(3, 2, '00:00:00:00:00:02', 2)",0.0
"(4, 1, '00:00:00:00:00:01', 3)",0.0
"(4, 1, '00:00:00:00:00:01', 3)",0.0
"(4, 1, '00:00:00:00:00:01', 3)",0.0
"(4, 1, '00:00:00:00:00:01', 3)",0.0
"(4, 1, '00:00:00:00:00:01', 3)",0.0
"(4, 1, '00:00:00:00:00:01', 3)",-121.33224371723016
"(4, 1, '00:00:00:00:00:01', 3)",0.0
"(4, 1, '00:00:00:00:00:02', 3)",0.0
"(4, 1, '00:00:00:00:00:02', 3)",0.0
"(4, 1, '00:00:00:00:00:02', 3)",0.0
"(4, 1, '00:00:00:00:00:02', 3)",0.0
"(4, 1, '00:00:00:00:00:02', 3)",0.0
"(4, 1, '00:00:00:00:00:02', 3)",0.0
"(4, 1, '00:00:00:00:00:02', 3)",0.0
"(4, 1, '00:00:00:00:00:02', 3)",0.0
"(4, 1, '00:00:00:00:00:02', 3)",-91.57452444848761
"(4, 1, '00:00:00:00:00:02', 3)",0.0
"(4, 2, '00:00:00:00:00:01', 3)",0.0
"(4, 2, '00:00:00:00:00:01', 3)",0.0
"(4, 2, '00:00:00:00:00:01', 3)",0.0
"(4, 2, '00:00:00:00:00:01', 3)",0.0
"(4, 2, '00:00:00:00:00:01', 3)",0.0
"(4, 2, '00:00:00:00:00:01', 3)",0.0
"(4, 2, '00:00:00:00:00:01', 3)",0.0
"(4, 2, '00:00:00:00:00:02', 3)",0.0
"(4, 2, '00:00:00:00:00:02', 3)",0.0
"(4, 2, '00:00:00:00:00:02', 3)",0.0
"(4, 2, '00:00:00:00:00:02', 3)",0.0
"(4, 2, '00:00:00:00:00:02', 3)",0.0
"(4, 2, '00:00:00:00:00:02', 3)",0.0
"(4, 2, '00:00:00:00:00:02', 3)",0.0
"(4, 2, '00:00:00:00:00:02', 3)",0.0
"(4, 2, '00:00:00:00:00:02', 3)",-226.89799616815057
"(4, 2, '00:00:00:00:00:02', 3)",0.0
"(2, 1, '00:00:00:00:00:01', 2)",0.0
"(2, 1, '00:00:00:00:00:01', 2)",-107.89206430868167
"(2, 1, '00:00:00:00:00:01', 2)",0.0
"(2, 1, '00:00:00:00:00:01', 2)",0.0
"(2, 1, '00:00:00:00:00:01', 2)",0.0
"(2, 1, '00:00:00:00:00:02', 2)",-677.8673131313132
"(2, 1, '00:00:00:00:00:02', 2)",133.1965544161429
"(2, 1, '00:00:00:00:00:02', 2)",-68.10086662382031
"(2, 1, '00:00:00:00:00:02', 2)",0.0
"(2, 1, '00:00:00:00:00:02', 2)",0.0
"(2, 1, '00:00:00:00:00:02', 2)",0.0
"(2, 1, '00:00:00:00:00:02', 2)",0.0
"(2, 1, '00:00:00:00:00:02', 2)",0.0
"(2, 2, '00:00:00:00:00:01', 2)",0.0
"(2, 2, '00:00:00:00:00:01', 2)",0.0
"(2, 2, '00:00:00:00:00:01', 2)",0.0
"(2, 2, '00:00:00:00:00:01', 2)",0.0
"(2, 2, '00:00:00:00:00:01', 2)",0.0
"(2, 2, '00:00:00:00:00:01', 2)",0.0
"(2, 2, '00:00:00:00:00:01', 2)",0.0
"(2, 2, '00:00:00:00:00:02', 2)",0.0
"(2, 2, '00:00:00:00:00:02', 2)",0.0
"(2, 2, '00:00:00:00:00:02', 2)",0.0
"(2, 2, '00:00:00:00:00:02', 2)",0.0
"(2, 2, '00:00:00:00:00:02', 2)",0.0
"(2, 2, '00:00:00:00:00:02', 2)",0.0
"(2, 2, '00:00:00:00:00:02', 2)",0.0
"(2, 2, '00:00:00:00:00:02', 2)",0.0
"(3, 1, '00:00:00:00:00:01', 2)",0.0
"(3, 1, '00:00:00:00:00:01', 2)",-119.8301243973573
"(3, 1, '00:00:00:00:00:01', 2)",0.0
"(3, 1, '00:00:00:00:00:01', 2)",0.0
"(3, 1, '00:00:00:00:00:01', 2)",0.0
"(3, 1, '00:00:00:00:00:01', 2)",0.0
"(3, 1, '00:00:00:00:00:01', 2)",0.0
"(3, 1, '00:00:00:00:00:02', 2)",-737.1900109849871
"(3, 1, '00:00:00:00:00:02', 2)",91.5287288597927
"(3, 1, '00:00:00:00:00:02', 2)",-115.85141673380136
"(3, 1, '00:00:00:00:00:02', 2)",0.0
"(3, 1, '00:00:00:00:00:02', 2)",0.0
"(3, 1, '00:00:00:00:00:02', 2)",0.0
"(3, 1, '00:00:00:00:00:02', 2)",0.0
"(3, 1, '00:00:00:00:00:02', 2)",0.0
"(3, 2, '00:00:00:00:00:01', 2)",0.0
"(3, 2, '00:00:00:00:00:01', 2)",0.0
"(3, 2, '00:00:00:00:00:01', 2)",0.0
"(3, 2, '00:00:00:00:00:01', 2)",0.0
"(3, 2, '00:00:00:00:00:01', 2)",0.0
"(3, 2, '00:00:00:00:00:01', 2)",0.0
"(3, 2, '00:00:00:00:00:01', 2)",0.0
"(3, 2, '00:00:00:00:00:02', 2)",0.0
"(3, 2, '00:00:00:00:00:02', 2)",0.0
"(3, 2, '00:00:00:00:00:02', 2)",0.0
"(3, 2, '00:00:00:00:00:02', 2)",0.0
"(3, 2, '00:00:00:00:00:02', 2)",0.0
"(3, 2, '00:00:00:00:00:02', 2)",0.0
"(3, 2, '00:00:00:00:00:02', 2)",0.0
"(3, 2, '00:00:00:00:00:02', 2)",0.0
"(4, 1, '00:00:00:00:00:01', 3)",0.0
"(4, 1, '00:00:00:00:00:01', 3)",0.0
"(4, 1, '00:00:00:00:00:01', 3)",0.0
"(4, 1, '00:00:00:00:00:01', 3)",0.0
"(4, 1, '00:00:00:00:00:01', 3)",0.0
"(4, 1, '00:00:00:00:00:01', 3)",0.0
"(4, 1, '00:00:00:00:00:01', 3)",0.0
"(4, 1, '00:00:00:00:00:02', 3)",0.0
"(4, 1, '00:00:00:00:00:02', 3)",0.0
"(4, 1, '00:00:00:00:00:02', 3)",0.0
"(4, 1, '00:00:00:00:00:02', 3)",0.0
"(4, 1, '00:00:00:00:00:02', 3)",0.0
"(4, 1, '00:00:00:00:00:02', 3)",0.0
"(4, 1, '00:00:00:00:00:02', 3)",0.0
"(4, 1, '00:00:00:00:00:02', 3)",0.0
"(4, 1, '00:00:00:00:00:02', 3)",-96.9827987860687
"(4, 1, '00:00:00:00:00:02', 3)",0.0
"(4, 2, '00:00:00:00:00:01', 3)",0.0
"(4, 2, '00:00:00:00:00:01', 3)",0.0
"(4, 2, '00:00:00:00:00:01', 3)",0.0
"(4, 2, '00:00:00:00:00:01', 3)",0.0
"(4, 2, '00:00:00:00:00:01', 3)",0.0
"(4, 2, '00:00:00:00:00:01', 3)",0.0
"(4, 2, '00:00:00:00:00:01', 3)",0.0
"(4, 2, '00:00:00:00:00:02', 3)",0.0
"(4, 2, '00:00:00:00:00:02', 3)",0.0
"(4, 2, '00:00:00:00:00:02', 3)",0.0
"(4, 2, '00:00:00:00:00:02', 3)",0.0
"(4, 2, '00:00:00:00:00:02', 3)",0.0
"(4, 2, '00:00:00:00:00:02', 3)",0.0
"(4, 2, '00:00:00:00:00:02', 3)",0.0
"(4, 2, '00:00:00:00:00:02', 3)",0.0
"(4, 2, '00:00:00:00:00:02', 3)",-122.87250045773573
"(4, 2, '00:00:00:00:00:02', 3)",0.0
"(2, 1, '00:00:00:00:00:01', 2)",0.0
"(2, 1, '00:00:00:00:00:01', 2)",-81.83675135157108
"(2, 1, '00:00:00:00:00:01', 2)",0.0
"(2, 1, '00:00:00:00:00:01', 2)",0.0
"(2, 1, '00:00:00:00:00:01', 2)",0.0
"(2, 1, '00:00:00:00:00:01', 2)",0.0
"(2, 1, '00:00:00:00:00:01', 2)",0.0
"(2, 1, '00:00:00:00:00:02', 2)",-791.3781132075472
"(2, 1, '00:00:00:00:00:02', 2)",118.38562389744797
"(2, 1, '00:00:00:00:00:02', 2)",-109.73270398430262
"(2, 1, '00:00:00:00:00:02', 2)",0.0
"(2, 1, '00:00:00:00:00:02', 2)",0.0
"(2, 1, '00:00:00:00:00:02', 2)",0.0
"(2, 1, '00:00:00:00:00:02', 2)",0.0
"(2, 1, '00:00:00:00:00:02', 2)",0.0
"(2, 2, '00:00:00:00:00:01', 2)",0.0
"(2, 2, '00:00:00:00:00:01', 2)",0.0
"(2, 2, '00:00:00:00:00:01', 2)",0.0
"(2, 2, '00:00:00:00:00:01', 2)",0.0
"(2, 2, '00:00:00:00:00:01', 2)",0.0
"(2, 2, '00:00:00:00:00:01', 2)",0.0
"(2, 2, '00:00:00:00:00:01', 2)",0.0
"(2, 2, '00:00:00:00:00:02', 2)",0.0
"(2, 2, '00:00:00:00:00:02', 2)",0.0
"(2, 2, '00:00:00:00:00:02', 2)",0.0
"(2, 2, '00:00:00:00:00:02', 2)",0.0
"(2, 2, '00:00:00:00:00:02', 2)",0.0
"(2, 2, '00:00:00:00:00:02', 2)",0.0
"(2, 2, '00:00:00:00:00:02', 2)",0.0
"(2, 2, '00:00:00:00:00:02', 2)",0.0
"(2, 2, '00:00:00:00:00:02', 2)",0.0
"(3, 1, '00:00:00:00:00:01', 2)",0.0
"(3, 1, '00:00:00:00:00:01', 2)",-135.6465382023986
"(3, 1, '00:00:00:00:00:01', 2)",0.0
"(3, 1, '00:00:00:00:00:01', 2)",0.0
"(3, 1, '00:00:00:00:00:01', 2)",0.0
"(3, 1, '00:00:00:00:00:01', 2)",0.0
"(3, 1, '00:00:00:00:00:01', 2)",0.0
"(3, 1, '00:00:00:00:00:02', 2)",-193.50883506343715
"(3, 1, '00:00:00:00:00:02', 2)",109.40473426801435
"(3, 1, '00:00:00:00:00:02', 2)",-72.70995413341039
"(3, 1, '00:00:00:00:00:02', 2)",0.0
"(3, 1, '00:00:00:00:00:02', 2)",0.0
"(3, 1, '00:00:00:00:00:02', 2)",0.0
"(3, 1, '00:00:00:00:00:02', 2)",0.0
"(3, 1, '00:00:00:00:00:02', 2)",0.0
"(3, 2, '00:00:00:00:00:01', 2)",0.0
"(3, 2, '00:00:00:00:00:01', 2)",0.0
"(3, 2, '00:00:00:00:00:01', 2)",0.0
"(3, 2, '00:00:00:00:00:01', 2)",0.0
"(3, 2, '00:00:00:00:00:01', 2)",0.0
"(3, 2, '00:00:00:00:00:01', 2)",0.0
"(3, 2, '00:00:00:00:00:01', 2)",0.0
"(3, 2, '00:00:00:00:00:02', 2)",0.0
"(3, 2, '00:00:00:00:00:02', 2)",0.0
"(3, 2, '00:00:00:00:00:02', 2)",0.0
"(3, 2, '00:00:00:00:00:02', 2)",0.0
"(3, 2, '00:00:00:00:00:02', 2)",0.0
"(3, 2, '00:00:00:00:00:02', 2)",0.0
"(3, 2, '00:00:00:00:00:02', 2)",0.0
"(3, 2, '00:00:00:00:00:02', 2)",0.0
"(3, 2, '00:00:00:00:00:02', 2)",0.0
"(3, 2, '00:00:00:00:00:02', 2)",0.0
"(2, 1, '00:00:00:00:00:01', 2)",0.0
"(2, 1, '00:00:00:00:00:01', 2)",-104.27107520198882
"(2, 1, '00:00:00:00:00:01', 2)",0.0
"(2, 1, '00:00:00:00:00:01', 2)",0.0
"(2, 1, '00:00:00:00:00:01', 2)",0.0
"(2, 1, '00:00:00:00:00:01', 2)",0.0
"(2, 1, '00:00:00:00:00:01', 2)",0.0
"(2, 1, '00:00:00:00:00:02', 2)",-736.650537870472
"(2, 1, '00:00:00:00:00:02', 2)",143.11977820430795
"(2, 1, '00:00:00:00:00:02', 2)",-89.88195544443948
"(2, 1, '00:00:00:00:00:02', 2)",0.0
"(2, 1, '00:00:00:00:00:02', 2)",0.0
"(2, 1, '00:00:00:00:00:02', 2)",0.0
"(2, 1, '00:00:00:00:00:02', 2)",0.0
"(2, 1, '00:00:00:00:00:02', 2)",0.0
"(2, 2, '00:00:00:00:00:01', 2)",0.0
"(2, 2, '00:00:00:00:00:01', 2)",0.0
"(2, 2, '00:00:00:00:00:01', 2)",0.0
"(2, 2, '00:00:00:00:00:01', 2)",0.0
"(2, 2, '00:00:00:00:00:01', 2)",0.0
"(2, 2, '00:00:00:00:00:01', 2)",0.0
"(2, 2, '00:00:00:00:00:01', 2)",0.0
"(2, 2, '00:00:00:00:00:02', 2)",0.0
"(2, 2, '00:00:00:00:00:02', 2)",0.0
"(2, 2, '00:00:00:00:00:02', 2)",0.0
"(2, 2, '00:00:00:00:00:02', 2)",0.0
"(2, 2, '00:00:00:00:00:02', 2)",0.0
"(2, 2, '00:00:00:00:00:02', 2)",0.0
"(2, 2, '00:00:00:00:00:02', 2)",0.0
"(2, 2, '00:00:00:00:00:02', 2)",0.0
"(2, 2, '00:00:00:00:00:02', 2)",0.0
"(2, 2, '00:00:00:00:00:02', 2)",0.0
"(4, 1, '00:00:00:00:00:01', 3)",0.0
"(4, 1, '00:00:00:00:00:01', 3)",0.0
"(4, 1, '00:00:00:00:00:01', 3)",0.0
"(4, 1, '00:00:00:00:00:01', 3)",0.0
"(4, 1, '00:00:00:00:00:01', 3)",0.0
"(4, 1, '00:00:00:00:00:01', 3)",0.0
"(4, 1, '00:00:00:00:00:01', 3)",0.0
"(4, 1, '00:00:00:00:00:02', 3)",0.0
"(4, 1, '00:00:00:00:00:02', 3)",0.0
"(4, 1, '00:00:00:00:00:02', 3)",0.0
"(4, 1, '00:00:00:00:00:02', 3)",0.0
"(4, 1, '00:00:00:00:00:02', 3)",0.0
"(4, 1, '00:00:00:00:00:02', 3)",0.0
"(4, 1, '00:00:00:00:00:02', 3)",0.0
"(4, 1, '00:00:00:00:00:02', 3)",0.0
"(4, 1, '00:00:00:00:00:02', 3)",-136.5203716010036
"(4, 1, '00:00:00:00:00:02', 3)",0.0
"(4, 2, '00:00:00:00:00:01', 3)",0.0
"(4, 2, '00:00:00:00:00:01', 3)",0.0
"(4, 2, '00:00:00:00:00:01', 3)",0.0
"(4, 2, '00:00:00:00:00:01', 3)",0.0
"(4, 2, '00:00:00:00:00:01', 3)",0.0
"(4, 2, '00:00:00:00:00:01', 3)",0.0
"(4, 2, '00:00:00:00:00:01', 3)",0.0
"(4, 2, '00:00:00:00:00:02', 3)",0.0
"(4, 2, '00:00:00:00:00:02', 3)",0.0
"(4, 2, '00:00:00:00:00:02', 3)",0.0
"(4, 2, '00:00:00:00:00:02', 3)",0.0
"(4, 2, '00:00:00:00:00:02', 3)",0.0
"(4, 2, '00:00:00:00:00:02', 3)",0.0
"(4, 2, '00:00:00:00:00:02', 3)",0.0
"(4, 2, '00:00:00:00:00:02', 3)",0.0
"(4, 2, '00:00:00:00:00:02', 3)",-221.5545196434467
"(4, 2, '00:00:00:00:00:02', 3)",0.0
"(3, 1, '00:00:00:00:00:01', 2)",0.0
"(3, 1, '00:00:00:00:00:01', 2)",-176.67976480912682
"(3, 1, '00:00:00:00:00:01', 2)",0.0
"(3, 1, '00:00:00:00:00:01', 2)",0.0
"(3, 1, '00:00:00:00:00:01', 2)",0.0
"(3, 1, '00:00:00:00:00:01', 2)",0.0
"(3, 1, '00:00:00:00:00:01', 2)",0.0
"(3, 1, '00:00:00:00:00:02', 2)",-320.788068833652
"(3, 1, '00:00:00:00:00:02', 2)",113.56418772563177
"(3, 1, '00:00:00:00:00:02', 2)",-105.69434691306175
"(3, 1, '00:00:00:00:00:02', 2)",0.0
"(3, 1, '00:00:00:00:00:02', 2)",0.0
"(3, 1, '00:00:00:00:00:02', 2)",0.0
"(3, 1, '00:00:00:00:00:02', 2)",0.0
"(3, 1, '00:00:00:00:00:02', 2)",0.0
"(3, 2, '00:00:00:00:00:01', 2)",0.0
"(3, 2, '00:00:00:00:00:01', 2)",0.0
"(3, 2, '00:00:00:00:00:01', 2)",0.0
"(3, 2, '00:00:00:00:00:01', 2)",0.0
"(3, 2, '00:00:00:00:00:01', 2)",0.0
"(3, 2, '00:00:00:00:00:01', 2)",0.0
"(3, 2, '00:00:00:00:00:01', 2)",0.0
"(3, 2, '00:00:00:00:00:02', 2)",0.0
"(3, 2, '00:00:00:00:00:02', 2)",0.0
"(3, 2, '00:00:00:00:00:02', 2)",0.0
"(3, 2, '00:00:00:00:00:02', 2)",0.0
"(3, 2, '00:00:00:00:00:02', 2)",0.0
"(3, 2, '00:00:00:00:00:02', 2)",0.0
"(3, 2, '00:00:00:00:00:02', 2)",0.0
"(3, 2, '00:00:00:00:00:02', 2)",0.0
"(3, 2, '00:00:00:00:00:02', 2)",0.0
"(3, 2, '00:00:00:00:00:02', 2)",0.0
"(4, 1, '00:00:00:00:00:01', 3)",0.0
"(4, 1, '00:00:00:00:00:01', 3)",0.0
"(4, 1, '00:00:00:00:00:01', 3)",0.0
"(4, 1, '00:00:00:00:00:01', 3)",0.0
"(4, 1, '00:00:00:00:00:01', 3)",0.0
"(4, 1, '00:00:00:00:00:01', 3)",0.0
"(4, 1, '00:00:00:00:00:01', 3)",0.0
"(4, 1, '00:00:00:00:00:02', 3)",0.0
"(4, 1, '00:00:00:00:00:02', 3)",0.0
"(4, 1, '00:00:00:00:00:02', 3)",0.0
"(4, 1, '00:00:00:00:00:02', 3)",0.0
"(4, 1, '00:00:00:00:00:02', 3)",0.0
"(4, 1, '00:00:00:00:00:02', 3)",0.0
"(4, 1, '00:00:00:00:00:02', 3)",0.0
"(4, 1, '00:00:00:00:00:02', 3)",0.0
"(4, 1, '00:00:00:00:00:02', 3)",-139.79071795583948
"(4, 1, '00:00:00:00:00:02', 3)",0.0
"(4, 2, '00:00:00:00:00:01', 3)",0.0
"(4, 2, '00:00:00:00:00:01', 3)",0.0
"(4, 2, '00:00:00:00:00:01', 3)",0.0
"(4, 2, '00:00:00:00:00:01', 3)",0.0
"(4, 2, '00:00:00:00:00:01', 3)",0.0
"(4, 2, '00:00:00:00:00:01', 3)",0.0
"(4, 2, '00:00:00:00:00:01', 3)",0.0
"(4, 2, '00:00:00:00:00:01', 3)",-223.49754884547067
"(4, 2, '00:00:00:00:00:01', 3)",0.0
"(4, 2, '00:00:00:00:00:02', 3)",0.0
"(4, 2, '00:00:00:00:00:02', 3)",0.0
"(4, 2, '00:00:00:00:00:02', 3)",0.0
"(4, 2, '00:00:00:00:00:02', 3)",0.0
"(4, 2, '00:00:00:00:00:02', 3)",0.0
"(4, 2, '00:00:00:00:00:02', 3)",0.0
"(4, 2, '00:00:00:00:00:02', 3)",0.0
"(4, 2, '00:00:00:00:00:02', 3)",0.0
"(4, 2, '00:00:00:00:00:02', 3)",-136.50185910909215
"(4, 2, '00:00:00:00:00:02', 3)",0.0
"(3, 1, '00:00:00:00:00:01', 2)",0.0
"(3, 1, '00:00:00:00:00:01', 2)",-54.63111690003256
"(3, 1, '00:00:00:00:00:01', 2)",0.0
"(3, 1, '00:00:00:00:00:01', 2)",0.0
"(3, 1, '00:00:00:00:00:01', 2)",0.0
"(3, 1, '00:00:00:00:00:01', 2)",0.0
"(3, 1, '00:00:00:00:00:01', 2)",0.0
"(3, 1, '00:00:00:00:00:02', 2)",-210.21884932651145
"(3, 1, '00:00:00:00:00:02', 2)",121.49332689638524
"(3, 1, '00:00:00:00:00:02', 2)",-63.15930229639854
"(3, 1, '00:00:00:00:00:02', 2)",0.0
"(3, 1, '00:00:00:00:00:02', 2)",0.0
"(3, 1, '00:00:00:00:00:02', 2)",0.0
"(3, 1, '00:00:00:00:00:02', 2)",0.0
"(3, 1, '00:00:00:00:00:02', 2)",0.0
"(3, 2, '00:00:00:00:00:01', 2)",0.0
"(3, 2, '00:00:00:00:00:01', 2)",0.0
"(3, 2, '00:00:00:00:00:01', 2)",0.0
"(3, 2, '00:00:00:00:00:01', 2)",0.0
"(3, 2, '00:00:00:00:00:01', 2)",0.0
"(3, 2, '00:00:00:00:00:01', 2)",0.0
"(3, 2, '00:00:00:00:00:01', 2)",0.0
"(3, 2, '00:00:00:00:00:02', 2)",0.0
"(3, 2, '00:00:00:00:00:02', 2)",0.0
"(3, 2, '00:00:00:00:00:02', 2)",0.0
"(3, 2, '00:00:00:00:00:02', 2)",0.0
"(3, 2, '00:00:00:00:00:02', 2)",0.0
"(3, 2, '00:00:00:00:00:02', 2)",0.0
"(3, 2, '00:00:00:00:00:02', 2)",0.0
"(3, 2, '00:00:00:00:00:02', 2)",0.0
"(3, 2, '00:00:00:00:00:02', 2)",0.0
"(3, 2, '00:00:00:00:00:02', 2)",0.0
"(2, 1, '00:00:00:00:00:01', 2)",0.0
"(2, 1, '00:00:00:00:00:01', 2)",-98.28000585794484
"(2, 1, '00:00:00:00:00:01', 2)",0.0
"(2, 1, '00:00:00:00:00:01', 2)",0.0
"(2, 1, '00:00:00:00:00:01', 2)",0.0
"(2, 1, '00:00:00:00:00:01', 2)",0.0
"(2, 1, '00:00:00:00:00:01', 2)",0.0
"(2, 1, '00:00:00:00:00:02', 2)",-1684.7413556485355
"(2, 1, '00:00:00:00:00:02', 2)",220.17343832020998
"(2, 1, '00:00:00:00:00:02', 2)",-41.31725573090894
"(2, 1, '00:00:00:00:00:02', 2)",0.0
"(2, 1, '00:00:00:00:00:02', 2)",0.0
"(2, 1, '00:00:00:00:00:02', 2)",0.0
"(2, 1, '00:00:00:00:00:02', 2)",0.0
"(2, 1, '00:00:00:00:00:02', 2)",0.0
"(2, 2, '00:00:00:00:00:01', 2)",0.0
"(2, 2, '00:00:00:00:00:01', 2)",0.0
"(2, 2, '00:00:00:00:00:01', 2)",0.0
"(2, 2, '00:00:00:00:00:01', 2)",0.0
"(2, 2, '00:00:00:00:00:01', 2)",0.0
"(2, 2, '00:00:00:00:00:01', 2)",0.0
"(2, 2, '00:00:00:00:00:01', 2)",0.0
"(2, 2, '00:00:00:00:00:02', 2)",0.0
"(2, 2, '00:00:00:00:00:02', 2)",0.0
"(2, 2, '00:00:00:00:00:02', 2)",0.0
"(2, 2, '00:00:00:00:00:02', 2)",0.0
"(2, 2, '00:00:00:00:00:02', 2)",0.0
"(2, 2, '00:00:00:00:00:02', 2)",0.0
"(2, 2, '00:00:00:00:00:02', 2)",0.0
"(2, 2, '00:00:00:00:00:02', 2)",0.0
"(2, 2, '00:00:00:00:00:02', 2)",0.0
"(2, 2, '00:00:00:00:00:02', 2)",0.0
"(2, 1, '00:00:00:00:00:01', 2)",0.0
"(2, 1, '00:00:00:00:00:01', 2)",-88.36314606741573
"(2, 1, '00:00:00:00:00:01', 2)",0.0
"(2, 1, '00:00:00:00:00:01', 2)",0.0
"(2, 1, '00:00:00:00:00:01', 2)",0.0
"(2, 1, '00:00:00:00:00:01', 2)",0.0
"(2, 1, '00:00:00:00:00:01', 2)",0.0
"(2, 1, '00:00:00:00:00:02', 2)",-644.451318822023
"(2, 1, '00:00:00:00:00:02', 2)",82.1405924112607
"(2, 1, '00:00:00:00:00:02', 2)",-155.81347573717204
"(2, 1, '00:00:00:00:00:02', 2)",0.0
"(2, 1, '00:00:00:00:00:02', 2)",0.0
"(2, 1, '00:00:00:00:00:02', 2)",0.0
"(2, 1, '00:00:00:00:00:02', 2)",0.0
"(2, 1, '00:00:00:00:00:02', 2)",0.0
"(2, 1, '00:00:00:00:00:02', 2)",0.0
"(2, 1, '00:00:00:00:00:02', 2)",0.0
"(2, 2, '00:00:00:00:00:01', 2)",0.0
"(2, 2, '00:00:00:00:00:01', 2)",0.0
"(2, 2, '00:00:00:00:00:01', 2)",0.0
"(2, 2, '00:00:00:00:00:01', 2)",0.0
"(2, 2, '00:00:00:00:00:01', 2)",0.0
"(2, 2, '00:00:00:00:00:01', 2)",0.0
"(2, 2, '00:00:00:00:00:01', 2)",0.0
"(2, 2, '00:00:00:00:00:02', 2)",0.0
"(2, 2, '00:00:00:00:00:02', 2)",0.0
"(2, 2, '00:00:00:00:00:02', 2)",0.0
"(2, 2, '00:00:00:00:00:02', 2)",0.0
"(2, 2, '00:00:00:00:00:02', 2)",0.0
"(2, 2, '00:00:00:00:00:02', 2)",0.0
"(2, 2, '00:00:00:00:00:02', 2)",0.0
"(2, 2, '00:00:00:00:00:02', 2)",0.0
"(2, 2, '00:00:00:00:00:02', 2)",0.0
"(2, 2, '00:00:00:00:00:02', 2)",0.0
"(4, 1, '00:00:00:00:00:01', 3)",0.0
"(4, 1, '00:00:00:00:00:01', 3)",0.0
"(4, 1, '00:00:00:00:00:01', 3)",0.0
"(4, 1, '00:00:00:00:00:01', 3)",0.0
"(4, 1, '00:00:00:00:00:01', 3)",0.0
"(4, 1, '00:00:00:00:00:01', 3)",0.0
"(4, 1, '00:00:00:00:00:01', 3)",0.0
"(4, 1, '00:00:00:00:00:01', 3)",-165.38781894356362
"(4, 1, '00:00:00:00:00:01', 3)",0.0
"(4, 1, '00:00:00:00:00:02', 3)",0.0
"(4, 1, '00:00:00:00:00:02', 3)",0.0
"(4, 1, '00:00:00:00:00:02', 3)",0.0
"(4, 1, '00:00:00:00:00:02', 3)",0.0
"(4, 1, '00:00:00:00:00:02', 3)",0.0
"(4, 1, '00:00:00:00:00:02', 3)",0.0
"(4, 1, '00:00:00:00:00:02', 3)",0.0
"(4, 1, '00:00:00:00:00:02', 3)",0.0
"(4, 1, '00:00:00:00:00:02', 3)",0.0
"(4, 1, '00:00:00:00:00:02', 3)",0.0
"(4, 2, '00:00:00:00:00:01', 3)",0.0
"(4, 2, '00:00:00:00:00:01', 3)",0.0
"(4, 2, '00:00:00:00:00:01', 3)",0.0
"(4, 2, '00:00:00:00:00:01', 3)",0.0
"(4, 2, '00:00:00:00:00:01', 3)",0.0
"(4, 2, '00:00:00:00:00:01', 3)",0.0
"(4, 2, '00:00:00:00:00:01', 3)",0.0
"(4, 2, '00:00:00:00:00:01', 3)",-127.18844652220608
"(4, 2, '00:00:00:00:00:01', 3)",0.0
"(4, 2, '00:00:00:00:00:02', 3)",0.0
"(4, 2, '00:00:00:00:00:02', 3)",0.0
"(4, 2, '00:00:00:00:00:02', 3)",0.0
"(4, 2, '00:00:00:00:00:02', 3)",0.0
"(4, 2, '00:00:00:00:00:02', 3)",0.0
"(4, 2, '00:00:00:00:00:02', 3)",0.0
"(4, 2, '00:00:00:00:00:02', 3)",0.0
"(4, 2, '00:00:00:00:00:02', 3)",0.0
"(4, 2, '00:00:00:00:00:02', 3)",0.0
"(4, 2, '00:00:00:00:00:02', 3)",-69.54766892358711
"(3, 1, '00:00:00:00:00:01', 2)",0.0
"(3, 1, '00:00:00:00:00:01', 2)",-115.525673954209
"(3, 1, '00:00:00:00:00:01', 2)",0.0
"(3, 1, '00:00:00:00:00:01', 2)",0.0
"(3, 1, '00:00:00:00:00:01', 2)",0.0
"(3, 1, '00:00:00:00:00:01', 2)",0.0
"(3, 1, '00:00:00:00:00:01', 2)",0.0
"(3, 1, '00:00:00:00:00:02', 2)",-385.0193000573724
"(3, 1, '00:00:00:00:00:02', 2)",78.60328426970678
"(3, 1, '00:00:00:00:00:02', 2)",-96.29626058258
"(3, 1, '00:00:00:00:00:02', 2)",0.0
"(3, 1, '00:00:00:00:00:02', 2)",0.0
"(3, 1, '00:00:00:00:00:02', 2)",0.0
"(3, 1, '00:00:00:00:00:02', 2)",0.0
"(3, 1, '00:00:00:00:00:02', 2)",0.0
"(3, 1, '00:00:00:00:00:02', 2)",0.0
"(3, 2, '00:00:00:00:00:01', 2)",0.0
"(3, 2, '00:00:00:00:00:01', 2)",0.0
"(3, 2, '00:00:00:00:00:01', 2)",0.0
"(3, 2, '00:00:00:00:00:01', 2)",0.0
"(3, 2, '00:00:00:00:00:01', 2)",0.0
"(3, 2, '00:00:00:00:00:01', 2)",0.0
"(3, 2, '00:00:00:00:00:01', 2)",0.0
"(3, 2, '00:00:00:00:00:02', 2)",0.0
"(3, 2, '00:00:00:00:00:02', 2)",0.0
"(3, 2, '00:00:00:00:00:02', 2)",0.0
"(3, 2, '00:00:00:00:00:02', 2)",0.0
"(3, 2, '00:00:00:00:00:02', 2)",0.0
"(3, 2, '00:00:00:00:00:02', 2)",0.0
"(3, 2, '00:00:00:00:00:02', 2)",0.0
"(3, 2, '00:00:00:00:00:02', 2)",0.0
"(3, 2, '00:00:00:00:00:02', 2)",0.0
"(3, 2, '00:00:00:00:00:02', 2)",0.0
"(2, 1, '00:00:00:00:00:01', 2)",0.0
"(2, 1, '00:00:00:00:00:01', 2)",-67.50036612351639
"(2, 1, '00:00:00:00:00:01', 2)",0.0
"(2, 1, '00:00:00:00:00:01', 2)",0.0
"(2, 1, '00:00:00:00:00:01', 2)",0.0
"(2, 1, '00:00:00:00:00:01', 2)",0.0
"(2, 1, '00:00:00:00:00:01', 2)",0.0
"(2, 1, '00:00:00:00:00:02', 2)",-439.577711790393
"(2, 1, '00:00:00:00:00:02', 2)",70.47769796261291
"(2, 1, '00:00:00:00:00:02', 2)",-66.39402169969989
"(2, 1, '00:00:00:00:00:02', 2)",0.0
"(2, 1, '00:00:00:00:00:02', 2)",0.0
"(2, 1, '00:00:00:00:00:02', 2)",0.0
"(2, 1, '00:00:00:00:00:02', 2)",0.0
"(2, 1, '00:00:00:00:00:02', 2)",0.0
"(2, 1, '00:00:00:00:00:02', 2)",0.0
"(2, 1, '00:00:00:00:00:02', 2)",0.0
"(2, 2, '00:00:00:00:00:01', 2)",0.0
"(2, 2, '00:00:00:00:00:01', 2)",0.0
"(2, 2, '00:00:00:00:00:01', 2)",0.0
"(2, 2, '00:00:00:00:00:01', 2)",0.0
"(2, 2, '00:00:00:00:00:01', 2)",0.0
"(2, 2, '00:00:00:00:00:01', 2)",0.0
"(2, 2, '00:00:00:00:00:01', 2)",0.0
"(2, 2, '00:00:00:00:00:01', 2)",0.0
"(2, 2, '00:00:00:00:00:01', 2)",0.0
"(2, 2, '00:00:00:00:00:02', 2)",0.0
"(2, 2, '00:00:00:00:00:02', 2)",0.0
"(2, 2, '00:00:00:00:00:02', 2)",0.0
"(2, 2, '00:00:00:00:00:02', 2)",0.0
"(2, 2, '00:00:00:00:00:02', 2)",0.0
"(2, 2, '00:00:00:00:00:02', 2)",0.0
"(2, 2, '00:00:00:00:00:02', 2)",0.0
"(2, 2, '00:00:00:00:00:02', 2)",0.0
"(2, 2, '00:00:00:00:00:02', 2)",0.0
"(2, 2, '00:00:00:00:00:02', 2)",0.0
"(3, 1, '00:00:00:00:00:01', 2)",0.0
"(3, 1, '00:00:00:00:00:01', 2)",-110.03256927365142
"(3, 1, '00:00:00:00:00:01', 2)",0.0
"(3, 1, '00:00:00:00:00:01', 2)",0.0
"(3, 1, '00:00:00:00:00:01', 2)",0.0
"(3, 1, '00:00:00:00:00:01', 2)",0.0
"(3, 1, '00:00:00:00:00:01', 2)",0.0
"(3, 1, '00:00:00:00:00:02', 2)",-250.5308511697362
"(3, 1, '00:00:00:00:00:02', 2)",89.99043089576256
"(3, 1, '00:00:00:00:00:02', 2)",-110.50971127456361
"(3, 1, '00:00:00:00:00:02', 2)",0.0
"(3, 1, '00:00:00:00:00:02', 2)",0.0
"(3, 1, '00:00:00:00:00:02', 2)",0.0
"(3, 1, '00:00:00:00:00:02', 2)",0.0
"(3, 1, '00:00:00:00:00:02', 2)",0.0
"(3, 1, '00:00:00:00:00:02', 2)",0.0
"(3, 2, '00:00:00:00:00:01', 2)",0.0
"(3, 2, '00:00:00:00:00:01', 2)",0.0
"(3, 2, '00:00:00:00:00:01', 2)",0.0
"(3, 2, '00:00:00:00:00:01', 2)",0.0
"(3, 2, '00:00:00:00:00:01', 2)",0.0
"(3, 2, '00:00:00:00:00:01', 2)",0.0
"(3, 2, '00:00:00:00:00:01', 2)",0.0
"(3, 2, '00:00:00:00:00:02', 2)",0.0
"(3, 2, '00:00:00:00:00:02', 2)",0.0
"(3, 2, '00:00:00:00:00:02', 2)",0.0
"(3, 2, '00:00:00:00:00:02', 2)",0.0
"(3, 2, '00:00:00:00:00:02', 2)",0.0
"(3, 2, '00:00:00:00:00:02', 2)",0.0
"(3, 2, '00:00:00:00:00:02', 2)",0.0
"(3, 2, '00:00:00:00:00:02', 2)",0.0
"(3, 2, '00:00:00:00:00:02', 2)",0.0
"(3, 2, '00:00:00:00:00:02', 2)",0.0
"(4, 1, '00:00:00:00:00:01', 3)",0.0
"(4, 1, '00:00:00:00:00:01', 3)",0.0
"(4, 1, '00:00:00:00:00:01', 3)",0.0
"(4, 1, '00:00:00:00:00:01', 3)",0.0
"(4, 1, '00:00:00:00:00:01', 3)",0.0
"(4, 1, '00:00:00:00:00:01', 3)",0.0
"(4, 1, '00:00:00:00:00:01', 3)",0.0
"(4, 1, '00:00:00:00:00:01', 3)",-72.54750891859753
"(4, 1, '00:00:00:00:00:01', 3)",0.0
"(4, 1, '00:00:00:00:00:02', 3)",0.0
"(4, 1, '00:00:00:00:00:02', 3)",0.0
"(4, 1, '00:00:00:00:00:02', 3)",0.0
"(4, 1, '00:00:00:00:00:02', 3)",0.0
"(4, 1, '00:00:00:00:00:02', 3)",0.0
"(4, 1, '00:00:00:00:00:02', 3)",0.0
"(4, 1, '00:00:00:00:00:02', 3)",0.0
"(4, 1, '00:00:00:00:00:02', 3)",0.0
"(4, 1, '00:00:00:00:00:02', 3)",0.0
"(4, 1, '00:00:00:00:00:02', 3)",0.0
"(4, 2, '00:00:00:00:00:01', 3)",0.0
"(4, 2, '00:00:00:00:00:01', 3)",0.0
"(4, 2, '00:00:00:00:00:01', 3)",0.0
"(4, 2, '00:00:00:00:00:01', 3)",0.0
"(4, 2, '00:00:00:00:00:01', 3)",0.0
"(4, 2, '00:00:00:00:00:01', 3)",0.0
"(4, 2, '00:00:00:00:00:01', 3)",0.0
"(4, 2, '00:00:00:00:00:01', 3)",-76.47152808903407
"(4, 2, '00:00:00:00:00:01', 3)",0.0
"(4, 2, '00:00:00:00:00:02', 3)",0.0
"(4, 2, '00:00:00:00:00:02', 3)",0.0
"(4, 2, '00:00:00:00:00:02', 3)",0.0
"(4, 2, '00:00:00:00:00:02', 3)",0.0
"(4, 2, '00:00:00:00:00:02', 3)",0.0
"(4, 2, '00:00:00:00:00:02', 3)",0.0
"(4, 2, '00:00:00:00:00:02', 3)",0.0
"(4, 2, '00:00:00:00:00:02', 3)",0.0
"(4, 2, '00:00:00:00:00:02', 3)",0.0
"(4, 2, '00:00:00:00:00:02', 3)",-115.4726653283625
"(2, 1, '00:00:00:00:00:01', 2)",0.0
"(2, 1, '00:00:00:00:00:01', 2)",-96.37923883383598
"(2, 1, '00:00:00:00:00:01', 2)",0.0
"(2, 1, '00:00:00:00:00:01', 2)",0.0
"(2, 1, '00:00:00:00:00:01', 2)",0.0
"(2, 1, '00:00:00:00:00:01', 2)",0.0
"(2, 1, '00:00:00:00:00:01', 2)",0.0
"(2, 1, '00:00:00:00:00:02', 2)",-742.0810615554736
"(2, 1, '00:00:00:00:00:02', 2)",111.7363702963703
"(2, 1, '00:00:00:00:00:02', 2)",-95.12241530829199
"(2, 1, '00:00:00:00:00:02', 2)",0.0
"(2, 1, '00:00:00:00:00:02', 2)",0.0
"(2, 1, '00:00:00:00:00:02', 2)",0.0
"(2, 1, '00:00:00:00:00:02', 2)",0.0
"(2, 1, '00:00:00:00:00:02', 2)",0.0
"(2, 1, '00:00:00:00:00:02', 2)",0.0
"(2, 1, '00:00:00:00:00:02', 2)",0.0
"(2, 2, '00:00:00:00:00:01', 2)",0.0
"(2, 2, '00:00:00:00:00:01', 2)",0.0
"(2, 2, '00:00:00:00:00:01', 2)",0.0
"(2, 2, '00:00:00:00:00:01', 2)",0.0
"(2, 2, '00:00:00:00:00:01', 2)",0.0
"(2, 2, '00:00:00:00:00:01', 2)",0.0
"(2, 2, '00:00:00:00:00:01', 2)",0.0
"(2, 2, '00:00:00:00:00:01', 2)",0.0
"(2, 2, '00:00:00:00:00:01', 2)",0.0
"(2, 2, '00:00:00:00:00:02', 2)",0.0
"(2, 2, '00:00:00:00:00:02', 2)",0.0
"(2, 2, '00:00:00:00:00:02', 2)",0.0
"(2, 2, '00:00:00:00:00:02', 2)",0.0
"(2, 2, '00:00:00:00:00:02', 2)",0.0
"(2, 2, '00:00:00:00:00:02', 2)",0.0
"(2, 2, '00:00:00:00:00:02', 2)",0.0
"(2, 2, '00:00:00:00:00:02', 2)",0.0
"(2, 2, '00:00:00:00:00:02', 2)",0.0
"(2, 2, '00:00:00:00:00:02', 2)",0.0
"(3, 1, '00:00:00:00:00:01', 2)",0.0
"(3, 1, '00:00:00:00:00:01', 2)",-116.4477945514489
"(3, 1, '00:00:00:00:00:01', 2)",0.0
"(3, 1, '00:00:00:00:00:01', 2)",0.0
"(3, 1, '00:00:00:00:00:01', 2)",0.0
"(3, 1, '00:00:00:00:00:01', 2)",0.0
"(3, 1, '00:00:00:00:00:01', 2)",0.0
"(3, 1, '00:00:00:00:00:02', 2)",-307.18125114433934
"(3, 1, '00:00:00:00:00:02', 2)",132.7486430172755
"(3, 1, '00:00:00:00:00:02', 2)",-56.538120138167315
"(3, 1, '00:00:00:00:00:02', 2)",0.0
"(3, 1, '00:00:00:00:00:02', 2)",0.0
"(3, 1, '00:00:00:00:00:02', 2)",0.0
"(3, 1, '00:00:00:00:00:02', 2)",0.0
"(3, 1, '00:00:00:00:00:02', 2)",0.0
"(3, 1, '00:00:00:00:00:02', 2)",0.0
"(3, 1, '00:00:00:00:00:02', 2)",0.0
"(3, 2, '00:00:00:00:00:01', 2)",0.0
"(3, 2, '00:00:00:00:00:01', 2)",0.0
"(3, 2, '00:00:00:00:00:01', 2)",0.0
"(3, 2, '00:00:00:00:00:01', 2)",0.0
"(3, 2, '00:00:00:00:00:01', 2)",0.0
"(3, 2, '00:00:00:00:00:01', 2)",0.0
"(3, 2, '00:00:00:00:00:01', 2)",0.0
"(3, 2, '00:00:00:00:00:02', 2)",0.0
"(3, 2, '00:00:00:00:00:02', 2)",0.0
"(3, 2, '00:00:00:00:00:02', 2)",0.0
"(3, 2, '00:00:00:00:00:02', 2)",0.0
"(3, 2, '00:00:00:00:00:02', 2)",0.0
"(3, 2, '00:00:00:00:00:02', 2)",0.0
"(3, 2, '00:00:00:00:00:02', 2)",0.0
"(3, 2, '00:00:00:00:00:02', 2)",0.0
"(3, 2, '00:00:00:00:00:02', 2)",0.0
"(3, 2, '00:00:00:00:00:02', 2)",0.0
"(4, 1, '00:00:00:00:00:01', 3)",0.0
"(4, 1, '00:00:00:00:00:01', 3)",0.0
"(4, 1, '00:00:00:00:00:01', 3)",0.0
"(4, 1, '00:00:00:00:00:01', 3)",0.0
"(4, 1, '00:00:00:00:00:01', 3)",0.0
"(4, 1, '00:00:00:00:00:01', 3)",0.0
"(4, 1, '00:00:00:00:00:01', 3)",0.0
"(4, 1, '00:00:00:00:00:01', 3)",-133.37303212984432
"(4, 1, '00:00:00:00:00:01', 3)",0.0
"(4, 1, '00:00:00:00:00:02', 3)",0.0
"(4, 1, '00:00:00:00:00:02', 3)",0.0
"(4, 1, '00:00:00:00:00:02', 3)",0.0
"(4, 1, '00:00:00:00:00:02', 3)",0.0
"(4, 1, '00:00:00:00:00:02', 3)",0.0
"(4, 1, '00:00:00:00:00:02', 3)",0.0
"(4, 1, '00:00:00:00:00:02', 3)",0.0
"(4, 1, '00:00:00:00:00:02', 3)",0.0
"(4, 1, '00:00:00:00:00:02', 3)",0.0
"(4, 1, '00:00:00:00:00:02', 3)",0.0
"(4, 2, '00:00:00:00:00:01', 3)",0.0
"(4, 2, '00:00:00:00:00:01', 3)",0.0
"(4, 2, '00:00:00:00:00:01', 3)",0.0
"(4, 2, '00:00:00:00:00:01', 3)",0.0
"(4, 2, '00:00:00:00:00:01', 3)",0.0
"(4, 2, '00:00:00:00:00:01', 3)",0.0
"(4, 2, '00:00:00:00:00:01', 3)",0.0
"(4, 2, '00:00:00:00:00:01', 3)",-134.16406237504998
"(4, 2, '00:00:00:00:00:01', 3)",0.0
"(4, 2, '00:00:00:00:00:02', 3)",0.0
"(4, 2, '00:00:00:00:00:02', 3)",0.0
"(4, 2, '00:00:00:00:00:02', 3)",0.0
"(4, 2, '00:00:00:00:00:02', 3)",0.0
"(4, 2, '00:00:00:00:00:02', 3)",0.0
"(4, 2, '00:00:00:00:00:02', 3)",0.0
"(4, 2, '00:00:00:00:00:02', 3)",0.0
"(4, 2, '00:00:00:00:00:02', 3)",0.0
"(4, 2, '00:00:00:00:00:02', 3)",0.0
"(4, 2, '00:00:00:00:00:02', 3)",0.0
"(2, 1, '00:00:00:00:00:01', 2)",0.0
"(2, 1, '00:00:00:00:00:01', 2)",-107.55774762260926
"(2, 1, '00:00:00:00:00:01', 2)",0.0
"(2, 1, '00:00:00:00:00:01', 2)",0.0
"(2, 1, '00:00:00:00:00:01', 2)",0.0
"(2, 1, '00:00:00:00:00:01', 2)",0.0
"(2, 1, '00:00:00:00:00:01', 2)",0.0
"(2, 1, '00:00:00:00:00:02', 2)",-327.8400781631656
"(2, 1, '00:00:00:00:00:02', 2)",96.30547333173881
"(2, 1, '00:00:00:00:00:02', 2)",-58.74032561125051
"(2, 1, '00:00:00:00:00:02', 2)",0.0
"(2, 1, '00:00:00:00:00:02', 2)",0.0
"(2, 1, '00:00:00:00:00:02', 2)",0.0
"(2, 1, '00:00:00:00:00:02', 2)",0.0
"(2, 1, '00:00:00:00:00:02', 2)",0.0
"(2, 1, '00:00:00:00:00:02', 2)",0.0
"(2, 1, '00:00:00:00:00:02', 2)",0.0
"(2, 2, '00:00:00:00:00:01', 2)",0.0
"(2, 2, '00:00:00:00:00:01', 2)",0.0
"(2, 2, '00:00:00:00:00:01', 2)",0.0
"(2, 2, '00:00:00:00:00:01', 2)",0.0
"(2, 2, '00:00:00:00:00:01', 2)",0.0
"(2, 2, '00:00:00:00:00:01', 2)",0.0
"(2, 2, '00:00:00:00:00:01', 2)",0.0
"(2, 2, '00:00:00:00:00:01', 2)",0.0
"(2, 2, '00:00:00:00:00:01', 2)",0.0
"(2, 2, '00:00:00:00:00:02', 2)",0.0
"(2, 2, '00:00:00:00:00:02', 2)",0.0
"(2, 2, '00:00:00:00:00:02', 2)",0.0
"(2, 2, '00:00:00:00:00:02', 2)",0.0
"(2, 2, '00:00:00:00:00:02', 2)",0.0
"(2, 2, '00:00:00:00:00:02', 2)",0.0
"(2, 2, '00:00:00:00:00:02', 2)",0.0
"(2, 2, '00:00:00:00:00:02', 2)",0.0
"(2, 2, '00:00:00:00:00:02', 2)",0.0
"(2, 2, '00:00:00:00:00:02', 2)",0.0
"(4, 1, '00:00:00:00:00:01', 3)",0.0
"(4, 1, '00:00:00:00:00:01', 3)",0.0
"(4, 1, '00:00:00:00:00:01', 3)",0.0
"(4, 1, '00:00:00:00:00:01', 3)",0.0
"(4, 1, '00:00:00:00:00:01', 3)",0.0
"(4, 1, '00:00:00:00:00:01', 3)",0.0
"(4, 1, '00:00:00:00:00:01', 3)",0.0
"(4, 1, '00:00:00:00:00:01', 3)",-111.00936921041024
"(4, 1, '00:00:00:00:00:01', 3)",0.0
"(4, 1, '00:00:00:00:00:02', 3)",0.0
"(4, 1, '00:00:00:00:00:02', 3)",0.0
"(4, 1, '00:00:00:00:00:02', 3)",0.0
"(4, 1, '00:00:00:00:00:02', 3)",0.0
"(4, 1, '00:00:00:00:00:02', 3)",0.0
"(4, 1, '00:00:00:00:00:02', 3)",0.0
"(4, 1, '00:00:00:00:00:02', 3)",0.0
"(4, 1, '00:00:00:00:00:02', 3)",0.0
"(4, 1, '00:00:00:00:00:02', 3)",0.0
"(4, 1, '00:00:00:00:00:02', 3)",0.0
"(4, 1, '00:00:00:00:00:02', 3)",-136.4278593210002
"(4, 1, '00:00:00:00:00:02', 3)",0.0
"(4, 2, '00:00:00:00:00:01', 3)",0.0
"(4, 2, '00:00:00:00:00:01', 3)",0.0
"(4, 2, '00:00:00:00:00:01', 3)",0.0
"(4, 2, '00:00:00:00:00:01', 3)",0.0
"(4, 2, '00:00:00:00:00:01', 3)",0.0
"(4, 2, '00:00:00:00:00:01', 3)",0.0
"(4, 2, '00:00:00:00:00:01', 3)",0.0
"(4, 2, '00:00:00:00:00:01', 3)",-109.86444311050477
"(4, 2, '00:00:00:00:00:01', 3)",0.0
"(4, 2, '00:00:00:00:00:02', 3)",0.0
"(4, 2, '00:00:00:00:00:02', 3)",0.0
"(4, 2, '00:00:00:00:00:02', 3)",0.0
"(4, 2, '00:00:00:00:00:02', 3)",0.0
"(4, 2, '00:00:00:00:00:02', 3)",0.0
"(4, 2, '00:00:00:00:00:02', 3)",0.0
"(4, 2, '00:00:00:00:00:02', 3)",0.0
"(4, 2, '00:00:00:00:00:02', 3)",0.0
"(4, 2, '00:00:00:00:00:02', 3)",0.0
"(4, 2, '00:00:00:00:00:02', 3)",0.0
"(4, 2, '00:00:00:00:00:02', 3)",-230.1138324379929
"(3, 1, '00:00:00:00:00:01', 2)",0.0
"(3, 1, '00:00:00:00:00:01', 2)",-64.46370337164997
"(3, 1, '00:00:00:00:00:01', 2)",0.0
"(3, 1, '00:00:00:00:00:01', 2)",0.0
"(3, 1, '00:00:00:00:00:01', 2)",0.0
"(3, 1, '00:00:00:00:00:01', 2)",0.0
"(3, 1, '00:00:00:00:00:01', 2)",0.0
"(3, 1, '00:00:00:00:00:02', 2)",-1241.2243649815043
"(3, 1, '00:00:00:00:00:02', 2)",79.98672705601906
"(3, 1, '00:00:00:00:00:02', 2)",-402.4117369578253
"(3, 1, '00:00:00:00:00:02', 2)",0.0
"(3, 1, '00:00:00:00:00:02', 2)",0.0
"(3, 1, '00:00:00:00:00:02', 2)",0.0
"(3, 1, '00:00:00:00:00:02', 2)",0.0
"(3, 1, '00:00:00:00:00:02', 2)",0.0
"(3, 1, '00:00:00:00:00:02', 2)",0.0
"(3, 1, '00:00:00:00:00:02', 2)",0.0
"(3, 2, '00:00:00:00:00:01', 2)",0.0
"(3, 2, '00:00:00:00:00:01', 2)",0.0
"(3, 2, '00:00:00:00:00:01', 2)",0.0
"(3, 2, '00:00:00:00:00:01', 2)",0.0
"(3, 2, '00:00:00:00:00:01', 2)",0.0
"(3, 2, '00:00:00:00:00:01', 2)",0.0
"(3, 2, '00:00:00:00:00:01', 2)",0.0
"(3, 2, '00:00:00:00:00:01', 2)",0.0
"(3, 2, '00:00:00:00:00:01', 2)",0.0
"(3, 2, '00:00:00:00:00:02', 2)",0.0
"(3, 2, '00:00:00:00:00:02', 2)",0.0
"(3, 2, '00:00:00:00:00:02', 2)",0.0
"(3, 2, '00:00:00:00:00:02', 2)",0.0
"(3, 2, '00:00:00:00:00:02', 2)",0.0
"(3, 2, '00:00:00:00:00:02', 2)",0.0
"(3, 2, '00:00:00:00:00:02', 2)",0.0
"(3, 2, '00:00:00:00:00:02', 2)",0.0
"(3, 2, '00:00:00:00:00:02', 2)",0.0
"(3, 2, '00:00:00:00:00:02', 2)",0.0
"(2, 1, '00:00:00:00:00:01', 2)",0.0
"(2, 1, '00:00:00:00:00:01', 2)",-66.70861232604373
"(2, 1, '00:00:00:00:00:01', 2)",0.0
"(2, 1, '00:00:00:00:00:01', 2)",0.0
"(2, 1, '00:00:00:00:00:01', 2)",0.0
"(2, 1, '00:00:00:00:00:01', 2)",0.0
"(2, 1, '00:00:00:00:00:01', 2)",0.0
"(2, 1, '00:00:00:00:00:02', 2)",-420.56944223939837
"(2, 1, '00:00:00:00:00:02', 2)",101.61850999394306
"(2, 1, '00:00:00:00:00:02', 2)",-233.17881862404448
"(2, 1, '00:00:00:00:00:02', 2)",0.0
"(2, 1, '00:00:00:00:00:02', 2)",0.0
"(2, 1, '00:00:00:00:00:02', 2)",0.0
"(2, 1, '00:00:00:00:00:02', 2)",0.0
"(2, 1, '00:00:00:00:00:02', 2)",0.0
"(2, 1, '00:00:00:00:00:02', 2)",0.0
"(2, 1, '00:00:00:00:00:02', 2)",0.0
"(2, 2, '00:00:00:00:00:01', 2)",0.0
"(2, 2, '00:00:00:00:00:01', 2)",0.0
"(2, 2, '00:00:00:00:00:01', 2)",0.0
"(2, 2, '00:00:00:00:00:01', 2)",0.0
"(2, 2, '00:00:00:00:00:01', 2)",0.0
"(2, 2, '00:00:00:00:00:01', 2)",0.0
"(2, 2, '00:00:00:00:00:01', 2)",0.0
"(2, 2, '00:00:00:00:00:01', 2)",0.0
"(2, 2, '00:00:00:00:00:01', 2)",0.0
"(2, 2, '00:00:00:00:00:02', 2)",0.0
"(2, 2, '00:00:00:00:00:02', 2)",0.0
"(2, 2, '00:00:00:00:00:02', 2)",0.0
"(2, 2, '00:00:00:00:00:02', 2)",0.0
"(2, 2, '00:00:00:00:00:02', 2)",0.0
"(2, 2, '00:00:00:00:00:02', 2)",0.0
"(2, 2, '00:00:00:00:00:02', 2)",0.0
"(2, 2, '00:00:00:00:00:02', 2)",0.0
"(2, 2, '00:00:00:00:00:02', 2)",0.0
"(2, 2, '00:00:00:00:00:02', 2)",0.0
"(4, 1, '00:00:00:00:00:01', 3)",0.0
"(4, 1, '00:00:00:00:00:01', 3)",0.0
"(4, 1, '00:00:00:00:00:01', 3)",0.0
"(4, 1, '00:00:00:00:00:01', 3)",0.0
"(4, 1, '00:00:00:00:00:01', 3)",0.0
"(4, 1, '00:00:00:00:00:01', 3)",0.0
"(4, 1, '00:00:00:00:00:01', 3)",0.0
"(4, 1, '00:00:00:00:00:01', 3)",-118.7487271440368
"(4, 1, '00:00:00:00:00:01', 3)",0.0
"(4, 1, '00:00:00:00:00:02', 3)",0.0
"(4, 1, '00:00:00:00:00:02', 3)",0.0
"(4, 1, '00:00:00:00:00:02', 3)",0.0
"(4, 1, '00:00:00:00:00:02', 3)",0.0
"(4, 1, '00:00:00:00:00:02', 3)",0.0
"(4, 1, '00:00:00:00:00:02', 3)",0.0
"(4, 1, '00:00:00:00:00:02', 3)",0.0
"(4, 1, '00:00:00:00:00:02', 3)",0.0
"(4, 1, '00:00:00:00:00:02', 3)",0.0
"(4, 1, '00:00:00:00:00:02', 3)",0.0
"(4, 1, '00:00:00:00:00:02', 3)",-108.15288315874294
"(4, 1, '00:00:00:00:00:02', 3)",0.0
"(4, 2, '00:00:00:00:00:01', 3)",0.0
"(4, 2, '00:00:00:00:00:01', 3)",0.0
"(4, 2, '00:00:00:00:00:01', 3)",0.0
"(4, 2, '00:00:00:00:00:01', 3)",0.0
"(4, 2, '00:00:00:00:00:01', 3)",0.0
"(4, 2, '00:00:00:00:00:01', 3)",0.0
"(4, 2, '00:00:00:00:00:01', 3)",0.0
"(4, 2, '00:00:00:00:00:01', 3)",-111.55063829787234
"(4, 2, '00:00:00:00:00:01', 3)",0.0
"(4, 2, '00:00:00:00:00:02', 3)",0.0
"(4, 2, '00:00:00:00:00:02', 3)",0.0
"(4, 2, '00:00:00:00:00:02', 3)",0.0
"(4, 2, '00:00:00:00:00:02', 3)",0.0
"(4, 2, '00:00:00:00:00:02', 3)",0.0
"(4, 2, '00:00:00:00:00:02', 3)",0.0
"(4, 2, '00:00:00:00:00:02', 3)",0.0
"(4, 2, '00:00:00:00:00:02', 3)",0.0
"(4, 2, '00:00:00:00:00:02', 3)",0.0
"(4, 2, '00:00:00:00:00:02', 3)",0.0
"(4, 2, '00:00:00:00:00:02', 3)",-222.53409085884823
"(3, 1, '00:00:00:00:00:01', 2)",0.0
"(3, 1, '00:00:00:00:00:01', 2)",-166.3856132231405
"(3, 1, '00:00:00:00:00:01', 2)",0.0
"(3, 1, '00:00:00:00:00:01', 2)",0.0
"(3, 1, '00:00:00:00:00:01', 2)",0.0
"(3, 1, '00:00:00:00:00:01', 2)",0.0
"(3, 1, '00:00:00:00:00:01', 2)",0.0
"(3, 1, '00:00:00:00:00:02', 2)",-876.8579790940767
"(3, 1, '00:00:00:00:00:02', 2)",72.45612610667243
"(3, 1, '00:00:00:00:00:02', 2)",-134.46873630777452
"(3, 1, '00:00:00:00:00:02', 2)",0.0
"(3, 1, '00:00:00:00:00:02', 2)",0.0
"(3, 1, '00:00:00:00:00:02', 2)",0.0
"(3, 1, '00:00:00:00:00:02', 2)",0.0
"(3, 1, '00:00:00:00:00:02', 2)",0.0
"(3, 1, '00:00:00:00:00:02', 2)",0.0
"(3, 1, '00:00:00:00:00:02', 2)",0.0
"(3, 2, '00:00:00:00:00:01', 2)",0.0
"(3, 2, '00:00:00:00:00:01', 2)",0.0
"(3, 2, '00:00:00:00:00:01', 2)",0.0
"(3, 2, '00:00:00:00:00:01', 2)",0.0
"(3, 2, '00:00:00:00:00:01', 2)",0.0
"(3, 2, '00:00:00:00:00:01', 2)",0.0
"(3, 2, '00:00:00:00:00:01', 2)",0.0
"(3, 2, '00:00:00:00:00:01', 2)",0.0
"(3, 2, '00:00:00:00:00:01', 2)",0.0
"(3, 2, '00:00:00:00:00:02', 2)",0.0
"(3, 2, '00:00:00:00:00:02', 2)",0.0
"(3, 2, '00:00:00:00:00:02', 2)",0.0
"(3, 2, '00:00:00:00:00:02', 2)",0.0
"(3, 2, '00:00:00:00:00:02', 2)",0.0
"(3, 2, '00:00:00:00:00:02', 2)",0.0
"(3, 2, '00:00:00:00:00:02', 2)",0.0
"(3, 2, '00:00:00:00:00:02', 2)",0.0
"(3, 2, '00:00:00:00:00:02', 2)",0.0
"(3, 2, '00:00:00:00:00:02', 2)",0.0
"(2, 1, '00:00:00:00:00:01', 2)",0.0
"(2, 1, '00:00:00:00:00:01', 2)",-97.95007881677532
"(2, 1, '00:00:00:00:00:01', 2)",0.0
"(2, 1, '00:00:00:00:00:01', 2)",0.0
"(2, 1, '00:00:00:00:00:01', 2)",0.0
"(2, 1, '00:00:00:00:00:01', 2)",0.0
"(2, 1, '00:00:00:00:00:01', 2)",0.0
"(2, 1, '00:00:00:00:00:02', 2)",-555.6902898150703
"(2, 1, '00:00:00:00:00:02', 2)",80.86379563802868
"(2, 1, '00:00:00:00:00:02', 2)",-76.88622952071798
"(2, 1, '00:00:00:00:00:02', 2)",0.0
"(2, 1, '00:00:00:00:00:02', 2)",0.0
"(2, 1, '00:00:00:00:00:02', 2)",0.0
"(2, 1, '00:00:00:00:00:02', 2)",0.0
"(2, 1, '00:00:00:00:00:02', 2)",0.0
"(2, 1, '00:00:00:00:00:02', 2)",0.0
"(2, 1, '00:00:00:00:00:02', 2)",0.0
"(2, 2, '00:00:00:00:00:01', 2)",0.0
"(2, 2, '00:00:00:00:00:01', 2)",0.0
"(2, 2, '00:00:00:00:00:01', 2)",0.0
"(2, 2, '00:00:00:00:00:01', 2)",0.0
"(2, 2, '00:00:00:00:00:01', 2)",0.0
"(2, 2, '00:00:00:00:00:01', 2)",0.0
"(2, 2, '00:00:00:00:00:01', 2)",0.0
"(2, 2, '00:00:00:00:00:01', 2)",0.0
"(2, 2, '00:00:00:00:00:01', 2)",0.0
"(2, 2, '00:00:00:00:00:02', 2)",0.0
"(2, 2, '00:00:00:00:00:02', 2)",0.0
"(2, 2, '00:00:00:00:00:02', 2)",0.0
"(2, 2, '00:00:00:00:00:02', 2)",0.0
"(2, 2, '00:00:00:00:00:02', 2)",0.0
"(2, 2, '00:00:00:00:00:02', 2)",0.0
"(2, 2, '00:00:00:00:00:02', 2)",0.0
"(2, 2, '00:00:00:00:00:02', 2)",0.0
"(2, 2, '00:00:00:00:00:02', 2)",0.0
"(2, 2, '00:00:00:00:00:02', 2)",0.0
"(4, 1, '00:00:00:00:00:01', 3)",0.0
"(4, 1, '00:00:00:00:00:01', 3)",0.0
"(4, 1, '00:00:00:00:00:01', 3)",0.0
"(4, 1, '00:00:00:00:00:01', 3)",0.0
"(4, 1, '00:00:00:00:00:01', 3)",0.0
"(4, 1, '00:00:00:00:00:01', 3)",0.0
"(4, 1, '00:00:00:00:00:01', 3)",0.0
"(4, 1, '00:00:00:00:00:01', 3)",-80.35385831171422
"(4, 1, '00:00:00:00:00:01', 3)",0.0
"(4, 1, '00:00:00:00:00:02', 3)",0.0
"(4, 1, '00:00:00:00:00:02', 3)",0.0
"(4, 1, '00:00:00:00:00:02', 3)",0.0
"(4, 1, '00:00:00:00:00:02', 3)",0.0
"(4, 1, '00:00:00:00:00:02', 3)",0.0
"(4, 1, '00:00:00:00:00:02', 3)",0.0
"(4, 1, '00:00:00:00:00:02', 3)",0.0
"(4, 1, '00:00:00:00:00:02', 3)",0.0
"(4, 1, '00:00:00:00:00:02', 3)",0.0
"(4, 1, '00:00:00:00:00:02', 3)",0.0
"(4, 1, '00:00:00:00:00:02', 3)",-79.34052886699507
"(4, 1, '00:00:00:00:00:02', 3)",0.0
"(4, 2, '00:00:00:00:00:01', 3)",0.0
"(4, 2, '00:00:00:00:00:01', 3)",0.0
"(4, 2, '00:00:00:00:00:01', 3)",0.0
"(4, 2, '00:00:00:00:00:01', 3)",0.0
"(4, 2, '00:00:00:00:00:01', 3)",0.0
"(4, 2, '00:00:00:00:00:01', 3)",0.0
"(4, 2, '00:00:00:00:00:01', 3)",0.0
"(4, 2, '00:00:00:00:00:01', 3)",0.0
"(4, 2, '00:00:00:00:00:01', 3)",0.0
"(4, 2, '00:00:00:00:00:02', 3)",0.0
"(4, 2, '00:00:00:00:00:02', 3)",0.0
"(4, 2, '00:00:00:00:00:02', 3)",0.0
"(4, 2, '00:00:00:00:00:02', 3)",0.0
"(4, 2, '00:00:00:00:00:02', 3)",0.0
"(4, 2, '00:00:00:00:00:02', 3)",0.0
"(4, 2, '00:00:00:00:00:02', 3)",0.0
"(4, 2, '00:00:00:00:00:02', 3)",0.0
"(4, 2, '00:00:00:00:00:02', 3)",0.0
"(4, 2, '00:00:00:00:00:02', 3)",0.0
"(4, 2, '00:00:00:00:00:02', 3)",-229.6675701574264
"(4, 2, '00:00:00:00:00:02', 3)",0.0
"(3, 1, '00:00:00:00:00:01', 2)",0.0
"(3, 1, '00:00:00:00:00:01', 2)",-108.22846575637028
"(3, 1, '00:00:00:00:00:01', 2)",0.0
"(3, 1, '00:00:00:00:00:01', 2)",0.0
"(3, 1, '00:00:00:00:00:01', 2)",0.0
"(3, 1, '00:00:00:00:00:01', 2)",0.0
"(3, 1, '00:00:00:00:00:01', 2)",0.0
"(3, 1, '00:00:00:00:00:01', 2)",0.0
"(3, 1, '00:00:00:00:00:01', 2)",0.0
"(3, 1, '00:00:00:00:00:02', 2)",-184.162634467618
"(3, 1, '00:00:00:00:00:02', 2)",102.89088363060254
"(3, 1, '00:00:00:00:00:02', 2)",-74.58474122920758
"(3, 1, '00:00:00:00:00:02', 2)",0.0
"(3, 1, '00:00:00:00:00:02', 2)",0.0
"(3, 1, '00:00:00:00:00:02', 2)",0.0
"(3, 1, '00:00:00:00:00:02', 2)",0.0
"(3, 1, '00:00:00:00:00:02', 2)",0.0
"(3, 1, '00:00:00:00:00:02', 2)",0.0
"(3, 1, '00:00:00:00:00:02', 2)",0.0
"(3, 2, '00:00:00:00:00:01', 2)",0.0
"(3, 2, '00:00:00:00:00:01', 2)",0.0
"(3, 2, '00:00:00:00:00:01', 2)",0.0
"(3, 2, '00:00:00:00:00:01', 2)",0.0
"(3, 2, '00:00:00:00:00:01', 2)",0.0
"(3, 2, '00:00:00:00:00:01', 2)",0.0
"(3, 2, '00:00:00:00:00:01', 2)",0.0
"(3, 2, '00:00:00:00:00:01', 2)",0.0
"(3, 2, '00:00:00:00:00:01', 2)",0.0
"(3, 2, '00:00:00:00:00:02', 2)",0.0
"(3, 2, '00:00:00:00:00:02', 2)",0.0
"(3, 2, '00:00:00:00:00:02', 2)",0.0
"(3, 2, '00:00:00:00:00:02', 2)",0.0
"(3, 2, '00:00:00:00:00:02', 2)",0.0
"(3, 2, '00:00:00:00:00:02', 2)",0.0
"(3, 2, '00:00:00:00:00:02', 2)",0.0
"(3, 2, '00:00:00:00:00:02', 2)",0.0
"(3, 2, '00:00:00:00:00:02', 2)",0.0
"(3, 2, '00:00:00:00:00:02', 2)",0.0
"(4, 1, '00:00:00:00:00:01', 3)",0.0
"(4, 1, '00:00:00:00:00:01', 3)",0.0
"(4, 1, '00:00:00:00:00:01', 3)",0.0
"(4, 1, '00:00:00:00:00:01', 3)",0.0
"(4, 1, '00:00:00:00:00:01', 3)",0.0
"(4, 1, '00:00:00:00:00:01', 3)",0.0
"(4, 1, '00:00:00:00:00:01', 3)",0.0
"(4, 1, '00:00:00:00:00:01', 3)",0.0
"(4, 1, '00:00:00:00:00:01', 3)",0.0
"(4, 1, '00:00:00:00:00:02', 3)",0.0
"(4, 1, '00:00:00:00:00:02', 3)",0.0
"(4, 1, '00:00:00:00:00:02', 3)",0.0
"(4, 1, '00:00:00:00:00:02', 3)",0.0
"(4, 1, '00:00:00:00:00:02', 3)",0.0
"(4, 1, '00:00:00:00:00:02', 3)",0.0
"(4, 1, '00:00:00:00:00:02', 3)",0.0
"(4, 1, '00:00:00:00:00:02', 3)",0.0
"(4, 1, '00:00:00:00:00:02', 3)",0.0
"(4, 1, '00:00:00:00:00:02', 3)",0.0
"(4, 1, '00:00:00:00:00:02', 3)",-122.6404678362573
"(4, 1, '00:00:00:00:00:02', 3)",0.0
"(4, 2, '00:00:00:00:00:01', 3)",0.0
"(4, 2, '00:00:00:00:00:01', 3)",0.0
"(4, 2, '00:00:00:00:00:01', 3)",0.0
"(4, 2, '00:00:00:00:00:01', 3)",0.0
"(4, 2, '00:00:00:00:00:01', 3)",0.0
"(4, 2, '00:00:00:00:00:01', 3)",0.0
"(4, 2, '00:00:00:00:00:01', 3)",0.0
"(4, 2, '00:00:00:00:00:01', 3)",0.0
"(4, 2, '00:00:00:00:00:01', 3)",0.0
"(4, 2, '00:00:00:00:00:02', 3)",0.0
"(4, 2, '00:00:00:00:00:02', 3)",0.0
"(4, 2, '00:00:00:00:00:02', 3)",0.0
"(4, 2, '00:00:00:00:00:02', 3)",0.0
"(4, 2, '00:00:00:00:00:02', 3)",0.0
"(4, 2, '00:00:00:00:00:02', 3)",0.0
"(4, 2, '00:00:00:00:00:02', 3)",0.0
"(4, 2, '00:00:00:00:00:02', 3)",0.0
"(4, 2, '00:00:00:00:00:02', 3)",0.0
"(4, 2, '00:00:00:00:00:02', 3)",0.0
"(4, 2, '00:00:00:00:00:02', 3)",-212.61652972858803
"(4, 2, '00:00:00:00:00:02', 3)",0.0
"(2, 1, '00:00:00:00:00:01', 2)",0.0
"(2, 1, '00:00:00:00:00:01', 2)",-113.38510475332282
"(2, 1, '00:00:00:00:00:01', 2)",0.0
"(2, 1, '00:00:00:00:00:01', 2)",0.0
"(2, 1, '00:00:00:00:00:01', 2)",0.0
"(2, 1, '00:00:00:00:00:01', 2)",0.0
"(2, 1, '00:00:00:00:00:01', 2)",0.0
"(2, 1, '00:00:00:00:00:01', 2)",0.0
"(2, 1, '00:00:00:00:00:01', 2)",0.0
"(2, 1, '00:00:00:00:00:02', 2)",-144.48585617913017
"(2, 1, '00:00:00:00:00:02', 2)",118.32995885741155
"(2, 1, '00:00:00:00:00:02', 2)",-121.86102051933902
"(2, 1, '00:00:00:00:00:02', 2)",0.0
"(2, 1, '00:00:00:00:00:02', 2)",0.0
"(2, 1, '00:00:00:00:00:02', 2)",0.0
"(2, 1, '00:00:00:00:00:02', 2)",0.0
"(2, 1, '00:00:00:00:00:02', 2)",0.0
"(2, 1, '00:00:00:00:00:02', 2)",0.0
"(2, 1, '00:00:00:00:00:02', 2)",0.0
"(2, 2, '00:00:00:00:00:01', 2)",0.0
"(2, 2, '00:00:00:00:00:01', 2)",0.0
"(2, 2, '00:00:00:00:00:01', 2)",0.0
"(2, 2, '00:00:00:00:00:01', 2)",0.0
"(2, 2, '00:00:00:00:00:01', 2)",0.0
"(2, 2, '00:00:00:00:00:01', 2)",0.0
"(2, 2, '00:00:00:00:00:01', 2)",0.0
"(2, 2, '00:00:00:00:00:01', 2)",0.0
"(2, 2, '00:00:00:00:00:01', 2)",0.0
"(2, 2, '00:00:00:00:00:02', 2)",0.0
"(2, 2, '00:00:00:00:00:02', 2)",0.0
"(2, 2, '00:00:00:00:00:02', 2)",0.0
"(2, 2, '00:00:00:00:00:02', 2)",0.0
"(2, 2, '00:00:00:00:00:02', 2)",0.0
"(2, 2, '00:00:00:00:00:02', 2)",0.0
"(2, 2, '00:00:00:00:00:02', 2)",0.0
"(2, 2, '00:00:00:00:00:02', 2)",0.0
"(2, 2, '00:00:00:00:00:02', 2)",0.0
"(2, 2, '00:00:00:00:00:02', 2)",0.0
"(2, 2, '00:00:00:00:00:02', 2)",0.0
"(3, 1, '00:00:00:00:00:01', 2)",0.0
"(3, 1, '00:00:00:00:00:01', 2)",-134.2356260834778
"(3, 1, '00:00:00:00:00:01', 2)",0.0
"(3, 1, '00:00:00:00:00:01', 2)",0.0
"(3, 1, '00:00:00:00:00:01', 2)",0.0
"(3, 1, '00:00:00:00:00:01', 2)",0.0
"(3, 1, '00:00:00:00:00:01', 2)",0.0
"(3, 1, '00:00:00:00:00:01', 2)",0.0
"(3, 1, '00:00:00:00:00:01', 2)",0.0
"(3, 1, '00:00:00:00:00:02', 2)",-569.3625339366515
"(3, 1, '00:00:00:00:00:02', 2)",66.18231163708087
"(3, 1, '00:00:00:00:00:02', 2)",-99.31264404104184
"(3, 1, '00:00:00:00:00:02', 2)",0.0
"(3, 1, '00:00:00:00:00:02', 2)",0.0
"(3, 1, '00:00:00:00:00:02', 2)",0.0
"(3, 1, '00:00:00:00:00:02', 2)",0.0
"(3, 1, '00:00:00:00:00:02', 2)",0.0
"(3, 1, '00:00:00:00:00:02', 2)",0.0
"(3, 1, '00:00:00:00:00:02', 2)",0.0
"(3, 2, '00:00:00:00:00:01', 2)",0.0
"(3, 2, '00:00:00:00:00:01', 2)",0.0
"(3, 2, '00:00:00:00:00:01', 2)",0.0
"(3, 2, '00:00:00:00:00:01', 2)",0.0
"(3, 2, '00:00:00:00:00:01', 2)",0.0
"(3, 2, '00:00:00:00:00:01', 2)",0.0
"(3, 2, '00:00:00:00:00:01', 2)",0.0
"(3, 2, '00:00:00:00:00:01', 2)",0.0
"(3, 2, '00:00:00:00:00:01', 2)",0.0
"(3, 2, '00:00:00:00:00:02', 2)",0.0
"(3, 2, '00:00:00:00:00:02', 2)",0.0
"(3, 2, '00:00:00:00:00:02', 2)",0.0
"(3, 2, '00:00:00:00:00:02', 2)",0.0
"(3, 2, '00:00:00:00:00:02', 2)",0.0
"(3, 2, '00:00:00:00:00:02', 2)",0.0
"(3, 2, '00:00:00:00:00:02', 2)",0.0
"(3, 2, '00:00:00:00:00:02', 2)",0.0
"(3, 2, '00:00:00:00:00:02', 2)",0.0
"(3, 2, '00:00:00:00:00:02', 2)",0.0
"(3, 2, '00:00:00:00:00:02', 2)",0.0
"(3, 2, '00:00:00:00:00:02', 2)",0.0
"(4, 1, '00:00:00:00:00:01', 3)",0.0
"(4, 1, '00:00:00:00:00:01', 3)",0.0
"(4, 1, '00:00:00:00:00:01', 3)",0.0
"(4, 1, '00:00:00:00:00:01', 3)",0.0
"(4, 1, '00:00:00:00:00:01', 3)",0.0
"(4, 1, '00:00:00:00:00:01', 3)",0.0
"(4, 1, '00:00:00:00:00:01', 3)",0.0
"(4, 1, '00:00:00:00:00:01', 3)",0.0
"(4, 1, '00:00:00:00:00:01', 3)",0.0
"(4, 1, '00:00:00:00:00:02', 3)",0.0
"(4, 1, '00:00:00:00:00:02', 3)",0.0
"(4, 1, '00:00:00:00:00:02', 3)",0.0
"(4, 1, '00:00:00:00:00:02', 3)",0.0
"(4, 1, '00:00:00:00:00:02', 3)",0.0
"(4, 1, '00:00:00:00:00:02', 3)",0.0
"(4, 1, '00:00:00:00:00:02', 3)",0.0
"(4, 1, '00:00:00:00:00:02', 3)",0.0
"(4, 1, '00:00:00:00:00:02', 3)",0.0
"(4, 1, '00:00:00:00:00:02', 3)",0.0
"(4, 1, '00:00:00:00:00:02', 3)",-54.8932795288472
"(4, 1, '00:00:00:00:00:02', 3)",0.0
"(4, 2, '00:00:00:00:00:01', 3)",0.0
"(4, 2, '00:00:00:00:00:01', 3)",0.0
"(4, 2, '00:00:00:00:00:01', 3)",0.0
"(4, 2, '00:00:00:00:00:01', 3)",0.0
"(4, 2, '00:00:00:00:00:01', 3)",0.0
"(4, 2, '00:00:00:00:00:01', 3)",0.0
"(4, 2, '00:00:00:00:00:01', 3)",0.0
"(4, 2, '00:00:00:00:00:01', 3)",0.0
"(4, 2, '00:00:00:00:00:01', 3)",0.0
"(4, 2, '00:00:00:00:00:02', 3)",0.0
"(4, 2, '00:00:00:00:00:02', 3)",0.0
"(4, 2, '00:00:00:00:00:02', 3)",0.0
"(4, 2, '00:00:00:00:00:02', 3)",0.0
"(4, 2, '00:00:00:00:00:02', 3)",0.0
"(4, 2, '00:00:00:00:00:02', 3)",0.0
"(4, 2, '00:00:00:00:00:02', 3)",0.0
"(4, 2, '00:00:00:00:00:02', 3)",0.0
"(4, 2, '00:00:00:00:00:02', 3)",0.0
"(4, 2, '00:00:00:00:00:02', 3)",0.0
"(4, 2, '00:00:00:00:00:02', 3)",-224.01979748525648
"(4, 2, '00:00:00:00:00:02', 3)",0.0
"(2, 1, '00:00:00:00:00:01', 2)",0.0
"(2, 1, '00:00:00:00:00:01', 2)",-76.32946314831665
"(2, 1, '00:00:00:00:00:01', 2)",0.0
"(2, 1, '00:00:00:00:00:01', 2)",0.0
"(2, 1, '00:00:00:00:00:01', 2)",0.0
"(2, 1, '00:00:00:00:00:01', 2)",0.0
"(2, 1, '00:00:00:00:00:01', 2)",0.0
"(2, 1, '00:00:00:00:00:01', 2)",0.0
"(2, 1, '00:00:00:00:00:01', 2)",0.0
"(2, 1, '00:00:00:00:00:02', 2)",-524.1515022129654
"(2, 1, '00:00:00:00:00:02', 2)",63.682732966407286
"(2, 1, '00:00:00:00:00:02', 2)",-211.6331251970987
"(2, 1, '00:00:00:00:00:02', 2)",0.0
"(2, 1, '00:00:00:00:00:02', 2)",0.0
"(2, 1, '00:00:00:00:00:02', 2)",0.0
"(2, 1, '00:00:00:00:00:02', 2)",0.0
"(2, 1, '00:00:00:00:00:02', 2)",0.0
"(2, 1, '00:00:00:00:00:02', 2)",0.0
"(2, 1, '00:00:00:00:00:02', 2)",0.0
"(2, 2, '00:00:00:00:00:01', 2)",0.0
"(2, 2, '00:00:00:00:00:01', 2)",0.0
"(2, 2, '00:00:00:00:00:01', 2)",0.0
"(2, 2, '00:00:00:00:00:01', 2)",0.0
"(2, 2, '00:00:00:00:00:01', 2)",0.0
"(2, 2, '00:00:00:00:00:01', 2)",0.0
"(2, 2, '00:00:00:00:00:01', 2)",0.0
"(2, 2, '00:00:00:00:00:01', 2)",0.0
"(2, 2, '00:00:00:00:00:01', 2)",0.0
"(2, 2, '00:00:00:00:00:02', 2)",0.0
"(2, 2, '00:00:00:00:00:02', 2)",0.0
"(2, 2, '00:00:00:00:00:02', 2)",0.0
"(2, 2, '00:00:00:00:00:02', 2)",0.0
"(2, 2, '00:00:00:00:00:02', 2)",0.0
"(2, 2, '00:00:00:00:00:02', 2)",0.0
"(2, 2, '00:00:00:00:00:02', 2)",0.0
"(2, 2, '00:00:00:00:00:02', 2)",0.0
"(2, 2, '00:00:00:00:00:02', 2)",0.0
"(2, 2, '00:00:00:00:00:02', 2)",0.0
"(2, 2, '00:00:00:00:00:02', 2)",0.0
"(4, 1, '00:00:00:00:00:01', 3)",0.0
"(4, 1, '00:00:00:00:00:01', 3)",0.0
"(4, 1, '00:00:00:00:00:01', 3)",0.0
"(4, 1, '00:00:00:00:00:01', 3)",0.0
"(4, 1, '00:00:00:00:00:01', 3)",0.0
"(4, 1, '00:00:00:00:00:01', 3)",0.0
"(4, 1, '00:00:00:00:00:01', 3)",0.0
"(4, 1, '00:00:00:00:00:01', 3)",0.0
"(4, 1, '00:00:00:00:00:01', 3)",0.0
"(4, 1, '00:00:00:00:00:02', 3)",0.0
"(4, 1, '00:00:00:00:00:02', 3)",0.0
"(4, 1, '00:00:00:00:00:02', 3)",0.0
"(4, 1, '00:00:00:00:00:02', 3)",0.0
"(4, 1, '00:00:00:00:00:02', 3)",0.0
"(4, 1, '00:00:00:00:00:02', 3)",0.0
"(4, 1, '00:00:00:00:00:02', 3)",0.0
"(4, 1, '00:00:00:00:00:02', 3)",0.0
"(4, 1, '00:00:00:00:00:02', 3)",0.0
"(4, 1, '00:00:00:00:00:02', 3)",0.0
"(4, 1, '00:00:00:00:00:02', 3)",-93.0602717943977
"(4, 1, '00:00:00:00:00:02', 3)",0.0
"(4, 2, '00:00:00:00:00:01', 3)",0.0
"(4, 2, '00:00:00:00:00:01', 3)",0.0
"(4, 2, '00:00:00:00:00:01', 3)",0.0
"(4, 2, '00:00:00:00:00:01', 3)",0.0
"(4, 2, '00:00:00:00:00:01', 3)",0.0
"(4, 2, '00:00:00:00:00:01', 3)",0.0
"(4, 2, '00:00:00:00:00:01', 3)",0.0
"(4, 2, '00:00:00:00:00:01', 3)",0.0
"(4, 2, '00:00:00:00:00:01', 3)",0.0
"(4, 2, '00:00:00:00:00:02', 3)",0.0
"(4, 2, '00:00:00:00:00:02', 3)",0.0
"(4, 2, '00:00:00:00:00:02', 3)",0.0
"(4, 2, '00:00:00:00:00:02', 3)",0.0
"(4, 2, '00:00:00:00:00:02', 3)",0.0
"(4, 2, '00:00:00:00:00:02', 3)",0.0
"(4, 2, '00:00:00:00:00:02', 3)",0.0
"(4, 2, '00:00:00:00:00:02', 3)",0.0
"(4, 2, '00:00:00:00:00:02', 3)",0.0
"(4, 2, '00:00:00:00:00:02', 3)",0.0
"(4, 2, '00:00:00:00:00:02', 3)",-53.20329589598584
"(4, 2, '00:00:00:00:00:02', 3)",0.0
"(3, 1, '00:00:00:00:00:01', 2)",0.0
"(3, 1, '00:00:00:00:00:01', 2)",-141.3016507580011
"(3, 1, '00:00:00:00:00:01', 2)",0.0
"(3, 1, '00:00:00:00:00:01', 2)",0.0
"(3, 1, '00:00:00:00:00:01', 2)",0.0
"(3, 1, '00:00:00:00:00:01', 2)",0.0
"(3, 1, '00:00:00:00:00:01', 2)",0.0
"(3, 1, '00:00:00:00:00:01', 2)",0.0
"(3, 1, '00:00:00:00:00:01', 2)",0.0
"(3, 1, '00:00:00:00:00:02', 2)",-810.4935265700483
"(3, 1, '00:00:00:00:00:02', 2)",101.26073433256212
"(3, 1, '00:00:00:00:00:02', 2)",-75.78926065351602
"(3, 1, '00:00:00:00:00:02', 2)",0.0
"(3, 1, '00:00:00:00:00:02', 2)",0.0
"(3, 1, '00:00:00:00:00:02', 2)",0.0
"(3, 1, '00:00:00:00:00:02', 2)",0.0
"(3, 1, '00:00:00:00:00:02', 2)",0.0
"(3, 1, '00:00:00:00:00:02', 2)",0.0
"(3, 1, '00:00:00:00:00:02', 2)",0.0
"(3, 2, '00:00:00:00:00:01', 2)",0.0
"(3, 2, '00:00:00:00:00:01', 2)",0.0
"(3, 2, '00:00:00:00:00:01', 2)",0.0
"(3, 2, '00:00:00:00:00:01', 2)",0.0
"(3, 2, '00:00:00:00:00:01', 2)",0.0
"(3, 2, '00:00:00:00:00:01', 2)",0.0
"(3, 2, '00:00:00:00:00:01', 2)",0.0
"(3, 2, '00:00:00:00:00:01', 2)",0.0
"(3, 2, '00:00:00:00:00:01', 2)",0.0
"(3, 2, '00:00:00:00:00:02', 2)",0.0
"(3, 2, '00:00:00:00:00:02', 2)",0.0
"(3, 2, '00:00:00:00:00:02', 2)",0.0
"(3, 2, '00:00:00:00:00:02', 2)",0.0
"(3, 2, '00:00:00:00:00:02', 2)",0.0
"(3, 2, '00:00:00:00:00:02', 2)",0.0
"(3, 2, '00:00:00:00:00:02', 2)",0.0
"(3, 2, '00:00:00:00:00:02', 2)",0.0
"(3, 2, '00:00:00:00:00:02', 2)",0.0
"(3, 2, '00:00:00:00:00:02', 2)",0.0
"(3, 2, '00:00:00:00:00:02', 2)",0.0
"(3, 2, '00:00:00:00:00:02', 2)",0.0
"(2, 1, '00:00:00:00:00:01', 2)",0.0
"(2, 1, '00:00:00:00:00:01', 2)",-96.50397469082543
"(2, 1, '00:00:00:00:00:01', 2)",0.0
"(2, 1, '00:00:00:00:00:01', 2)",0.0
"(2, 1, '00:00:00:00:00:01', 2)",0.0
"(2, 1, '00:00:00:00:00:01', 2)",0.0
"(2, 1, '00:00:00:00:00:01', 2)",0.0
"(2, 1, '00:00:00:00:00:01', 2)",0.0
"(2, 1, '00:00:00:00:00:01', 2)",0.0
"(2, 1, '00:00:00:00:00:02', 2)",-561.4238482989404
"(2, 1, '00:00:00:00:00:02', 2)",76.20234367903103
"(2, 1, '00:00:00:00:00:02', 2)",-75.85779653353428
"(2, 1, '00:00:00:00:00:02', 2)",0.0
"(2, 1, '00:00:00:00:00:02', 2)",0.0
"(2, 1, '00:00:00:00:00:02', 2)",0.0
"(2, 1, '00:00:00:00:00:02', 2)",0.0
"(2, 1, '00:00:00:00:00:02', 2)",0.0
"(2, 1, '00:00:00:00:00:02', 2)",0.0
"(2, 1, '00:00:00:00:00:02', 2)",0.0
"(2, 2, '00:00:00:00:00:01', 2)",0.0
"(2, 2, '00:00:00:00:00:01', 2)",0.0
"(2, 2, '00:00:00:00:00:01', 2)",0.0
"(2, 2, '00:00:00:00:00:01', 2)",0.0
"(2, 2, '00:00:00:00:00:01', 2)",0.0
"(2, 2, '00:00:00:00:00:01', 2)",0.0
"(2, 2, '00:00:00:00:00:01', 2)",0.0
"(2, 2, '00:00:00:00:00:01', 2)",0.0
"(2, 2, '00:00:00:00:00:01', 2)",0.0
"(2, 2, '00:00:00:00:00:02', 2)",0.0
"(2, 2, '00:00:00:00:00:02', 2)",0.0
"(2, 2, '00:00:00:00:00:02', 2)",0.0
"(2, 2, '00:00:00:00:00:02', 2)",0.0
"(2, 2, '00:00:00:00:00:02', 2)",0.0
"(2, 2, '00:00:00:00:00:02', 2)",0.0
"(2, 2, '00:00:00:00:00:02', 2)",0.0
"(2, 2, '00:00:00:00:00:02', 2)",0.0
"(2, 2, '00:00:00:00:00:02', 2)",0.0
"(2, 2, '00:00:00:00:00:02', 2)",0.0
"(2, 2, '00:00:00:00:00:02', 2)",0.0
"(3, 1, '00:00:00:00:00:01', 2)",0.0
"(3, 1, '00:00:00:00:00:01', 2)",-87.35858370216089
"(3, 1, '00:00:00:00:00:01', 2)",0.0
"(3, 1, '00:00:00:00:00:01', 2)",0.0
"(3, 1, '00:00:00:00:00:01', 2)",0.0
"(3, 1, '00:00:00:00:00:01', 2)",0.0
"(3, 1, '00:00:00:00:00:01', 2)",0.0
"(3, 1, '00:00:00:00:00:01', 2)",0.0
"(3, 1, '00:00:00:00:00:01', 2)",0.0
"(3, 1, '00:00:00:00:00:02', 2)",-666.644344370861
"(3, 1, '00:00:00:00:00:02', 2)",71.29128611898018
"(3, 1, '00:00:00:00:00:02', 2)",-93.64463091306571
"(3, 1, '00:00:00:00:00:02', 2)",0.0
"(3, 1, '00:00:00:00:00:02', 2)",0.0
"(3, 1, '00:00:00:00:00:02', 2)",0.0
"(3, 1, '00:00:00:00:00:02', 2)",0.0
"(3, 1, '00:00:00:00:00:02', 2)",0.0
"(3, 1, '00:00:00:00:00:02', 2)",0.0
"(3, 1, '00:00:00:00:00:02', 2)",0.0
"(3, 2, '00:00:00:00:00:01', 2)",0.0
"(3, 2, '00:00:00:00:00:01', 2)",0.0
"(3, 2, '00:00:00:00:00:01', 2)",0.0
"(3, 2, '00:00:00:00:00:01', 2)",0.0
"(3, 2, '00:00:00:00:00:01', 2)",0.0
"(3, 2, '00:00:00:00:00:01', 2)",0.0
"(3, 2, '00:00:00:00:00:01', 2)",0.0
"(3, 2, '00:00:00:00:00:01', 2)",0.0
"(3, 2, '00:00:00:00:00:01', 2)",0.0
"(3, 2, '00:00:00:00:00:02', 2)",0.0
"(3, 2, '00:00:00:00:00:02', 2)",0.0
"(3, 2, '00:00:00:00:00:02', 2)",0.0
"(3, 2, '00:00:00:00:00:02', 2)",0.0
"(3, 2, '00:00:00:00:00:02', 2)",0.0
"(3, 2, '00:00:00:00:00:02', 2)",0.0
"(3, 2, '00:00:00:00:00:02', 2)",0.0
"(3, 2, '00:00:00:00:00:02', 2)",0.0
"(3, 2, '00:00:00:00:00:02', 2)",0.0
"(3, 2, '00:00:00:00:00:02', 2)",0.0
"(3, 2, '00:00:00:00:00:02', 2)",0.0
"(3, 2, '00:00:00:00:00:02', 2)",0.0
"(4, 1, '00:00:00:00:00:01', 3)",0.0
"(4, 1, '00:00:00:00:00:01', 3)",0.0
"(4, 1, '00:00:00:00:00:01', 3)",0.0
"(4, 1, '00:00:00:00:00:01', 3)",0.0
"(4, 1, '00:00:00:00:00:01', 3)",0.0
"(4, 1, '00:00:00:00:00:01', 3)",0.0
"(4, 1, '00:00:00:00:00:01', 3)",0.0
"(4, 1, '00:00:00:00:00:01', 3)",0.0
"(4, 1, '00:00:00:00:00:01', 3)",0.0
"(4, 1, '00:00:00:00:00:02', 3)",0.0
"(4, 1, '00:00:00:00:00:02', 3)",0.0
"(4, 1, '00:00:00:00:00:02', 3)",0.0
"(4, 1, '00:00:00:00:00:02', 3)",0.0
"(4, 1, '00:00:00:00:00:02', 3)",0.0
"(4, 1, '00:00:00:00:00:02', 3)",0.0
"(4, 1, '00:00:00:00:00:02', 3)",0.0
"(4, 1, '00:00:00:00:00:02', 3)",0.0
"(4, 1, '00:00:00:00:00:02', 3)",0.0
"(4, 1, '00:00:00:00:00:02', 3)",0.0
"(4, 1, '00:00:00:00:00:02', 3)",-132.03475341028332
"(4, 1, '00:00:00:00:00:02', 3)",0.0
"(4, 2, '00:00:00:00:00:01', 3)",0.0
"(4, 2, '00:00:00:00:00:01', 3)",0.0
"(4, 2, '00:00:00:00:00:01', 3)",0.0
"(4, 2, '00:00:00:00:00:01', 3)",0.0
"(4, 2, '00:00:00:00:00:01', 3)",0.0
"(4, 2, '00:00:00:00:00:01', 3)",0.0
"(4, 2, '00:00:00:00:00:01', 3)",0.0
"(4, 2, '00:00:00:00:00:01', 3)",0.0
"(4, 2, '00:00:00:00:00:01', 3)",0.0
"(4, 2, '00:00:00:00:00:01', 3)",-97.56086063190541
"(4, 2, '00:00:00:00:00:01', 3)",0.0
"(4, 2, '00:00:00:00:00:02', 3)",0.0
"(4, 2, '00:00:00:00:00:02', 3)",0.0
"(4, 2, '00:00:00:00:00:02', 3)",0.0
"(4, 2, '00:00:00:00:00:02', 3)",0.0
"(4, 2, '00:00:00:00:00:02', 3)",0.0
"(4, 2, '00:00:00:00:00:02', 3)",0.0
"(4, 2, '00:00:00:00:00:02', 3)",0.0
"(4, 2, '00:00:00:00:00:02', 3)",0.0
"(4, 2, '00:00:00:00:00:02', 3)",0.0
"(4, 2, '00:00:00:00:00:02', 3)",0.0
"(4, 2, '00:00:00:00:00:02', 3)",-106.94639681274901
"(4, 2, '00:00:00:00:00:02', 3)",0.0
"(2, 1, '00:00:00:00:00:01', 2)",0.0
"(2, 1, '00:00:00:00:00:01', 2)",-142.70385029770344
"(2, 1, '00:00:00:00:00:01', 2)",0.0
"(2, 1, '00:00:00:00:00:01', 2)",0.0
"(2, 1, '00:00:00:00:00:01', 2)",0.0
"(2, 1, '00:00:00:00:00:01', 2)",0.0
"(2, 1, '00:00:00:00:00:01', 2)",0.0
"(2, 1, '00:00:00:00:00:01', 2)",0.0
"(2, 1, '00:00:00:00:00:01', 2)",0.0
"(2, 1, '00:00:00:00:00:02', 2)",-243.20680357574292
"(2, 1, '00:00:00:00:00:02', 2)",77.92784671956649
"(2, 1, '00:00:00:00:00:02', 2)",-113.80813566986998
"(2, 1, '00:00:00:00:00:02', 2)",0.0
"(2, 1, '00:00:00:00:00:02', 2)",0.0
"(2, 1, '00:00:00:00:00:02', 2)",0.0
"(2, 1, '00:00:00:00:00:02', 2)",0.0
"(2, 1, '00:00:00:00:00:02', 2)",0.0
"(2, 1, '00:00:00:00:00:02', 2)",0.0
"(2, 1, '00:00:00:00:00:02', 2)",0.0
"(2, 2, '00:00:00:00:00:01', 2)",0.0
"(2, 2, '00:00:00:00:00:01', 2)",0.0
"(2, 2, '00:00:00:00:00:01', 2)",0.0
"(2, 2, '00:00:00:00:00:01', 2)",0.0
"(2, 2, '00:00:00:00:00:01', 2)",0.0
"(2, 2, '00:00:00:00:00:01', 2)",0.0
"(2, 2, '00:00:00:00:00:01', 2)",0.0
"(2, 2, '00:00:00:00:00:01', 2)",0.0
"(2, 2, '00:00:00:00:00:01', 2)",0.0
"(2, 2, '00:00:00:00:00:02', 2)",0.0
"(2, 2, '00:00:00:00:00:02', 2)",0.0
"(2, 2, '00:00:00:00:00:02', 2)",0.0
"(2, 2, '00:00:00:00:00:02', 2)",0.0
"(2, 2, '00:00:00:00:00:02', 2)",0.0
"(2, 2, '00:00:00:00:00:02', 2)",0.0
"(2, 2, '00:00:00:00:00:02', 2)",0.0
"(2, 2, '00:00:00:00:00:02', 2)",0.0
"(2, 2, '00:00:00:00:00:02', 2)",0.0
"(2, 2, '00:00:00:00:00:02', 2)",0.0
"(2, 2, '00:00:00:00:00:02', 2)",0.0
"(2, 2, '00:00:00:00:00:02', 2)",0.0
"(3, 1, '00:00:00:00:00:01', 2)",0.0
"(3, 1, '00:00:00:00:00:01', 2)",-82.97679264724066
"(3, 1, '00:00:00:00:00:01', 2)",0.0
"(3, 1, '00:00:00:00:00:01', 2)",0.0
"(3, 1, '00:00:00:00:00:01', 2)",0.0
"(3, 1, '00:00:00:00:00:01', 2)",0.0
"(3, 1, '00:00:00:00:00:01', 2)",0.0
"(3, 1, '00:00:00:00:00:01', 2)",0.0
"(3, 1, '00:00:00:00:00:01', 2)",0.0
"(3, 1, '00:00:00:00:00:02', 2)",-439.76975098296197
"(3, 1, '00:00:00:00:00:02', 2)",104.09854808686659
"(3, 1, '00:00:00:00:00:02', 2)",-102.10812598265456
"(3, 1, '00:00:00:00:00:02', 2)",0.0
"(3, 1, '00:00:00:00:00:02', 2)",0.0
"(3, 1, '00:00:00:00:00:02', 2)",0.0
"(3, 1, '00:00:00:00:00:02', 2)",0.0
"(3, 1, '00:00:00:00:00:02', 2)",0.0
"(3, 1, '00:00:00:00:00:02', 2)",0.0
"(3, 1, '00:00:00:00:00:02', 2)",0.0
"(3, 2, '00:00:00:00:00:01', 2)",0.0
"(3, 2, '00:00:00:00:00:01', 2)",0.0
"(3, 2, '00:00:00:00:00:01', 2)",0.0
"(3, 2, '00:00:00:00:00:01', 2)",0.0
"(3, 2, '00:00:00:00:00:01', 2)",0.0
"(3, 2, '00:00:00:00:00:01', 2)",0.0
"(3, 2, '00:00:00:00:00:01', 2)",0.0
"(3, 2, '00:00:00:00:00:01', 2)",0.0
"(3, 2, '00:00:00:00:00:01', 2)",0.0
"(3, 2, '00:00:00:00:00:02', 2)",0.0
"(3, 2, '00:00:00:00:00:02', 2)",0.0
"(3, 2, '00:00:00:00:00:02', 2)",0.0
"(3, 2, '00:00:00:00:00:02', 2)",0.0
"(3, 2, '00:00:00:00:00:02', 2)",0.0
"(3, 2, '00:00:00:00:00:02', 2)",0.0
"(3, 2, '00:00:00:00:00:02', 2)",0.0
"(3, 2, '00:00:00:00:00:02', 2)",0.0
"(3, 2, '00:00:00:00:00:02', 2)",0.0
"(3, 2, '00:00:00:00:00:02', 2)",0.0
"(3, 2, '00:00:00:00:00:02', 2)",0.0
"(3, 2, '00:00:00:00:00:02', 2)",0.0
"(4, 1, '00:00:00:00:00:01', 3)",0.0
"(4, 1, '00:00:00:00:00:01', 3)",0.0
"(4, 1, '00:00:00:00:00:01', 3)",0.0
"(4, 1, '00:00:00:00:00:01', 3)",0.0
"(4, 1, '00:00:00:00:00:01', 3)",0.0
"(4, 1, '00:00:00:00:00:01', 3)",0.0
"(4, 1, '00:00:00:00:00:01', 3)",0.0
"(4, 1, '00:00:00:00:00:01', 3)",0.0
"(4, 1, '00:00:00:00:00:01', 3)",0.0
"(4, 1, '00:00:00:00:00:01', 3)",-75.46822806162612
"(4, 1, '00:00:00:00:00:01', 3)",0.0
"(4, 1, '00:00:00:00:00:02', 3)",0.0
"(4, 1, '00:00:00:00:00:02', 3)",0.0
"(4, 1, '00:00:00:00:00:02', 3)",0.0
"(4, 1, '00:00:00:00:00:02', 3)",0.0
"(4, 1, '00:00:00:00:00:02', 3)",0.0
"(4, 1, '00:00:00:00:00:02', 3)",0.0
"(4, 1, '00:00:00:00:00:02', 3)",0.0
"(4, 1, '00:00:00:00:00:02', 3)",0.0
"(4, 1, '00:00:00:00:00:02', 3)",0.0
"(4, 1, '00:00:00:00:00:02', 3)",0.0
"(4, 1, '00:00:00:00:00:02', 3)",-99.8297178559032
"(4, 1, '00:00:00:00:00:02', 3)",0.0
"(4, 2, '00:00:00:00:00:01', 3)",0.0
"(4, 2, '00:00:00:00:00:01', 3)",0.0
"(4, 2, '00:00:00:00:00:01', 3)",0.0
"(4, 2, '00:00:00:00:00:01', 3)",0.0
"(4, 2, '00:00:00:00:00:01', 3)",0.0
"(4, 2, '00:00:00:00:00:01', 3)",0.0
"(4, 2, '00:00:00:00:00:01', 3)",0.0
"(4, 2, '00:00:00:00:00:01', 3)",0.0
"(4, 2, '00:00:00:00:00:01', 3)",0.0
"(4, 2, '00:00:00:00:00:01', 3)",-82.84704003950455
"(4, 2, '00:00:00:00:00:01', 3)",0.0
"(4, 2, '00:00:00:00:00:02', 3)",0.0
"(4, 2, '00:00:00:00:00:02', 3)",0.0
"(4, 2, '00:00:00:00:00:02', 3)",0.0
"(4, 2, '00:00:00:00:00:02', 3)",0.0
"(4, 2, '00:00:00:00:00:02', 3)",0.0
"(4, 2, '00:00:00:00:00:02', 3)",0.0
"(4, 2, '00:00:00:00:00:02', 3)",0.0
"(4, 2, '00:00:00:00:00:02', 3)",0.0
"(4, 2, '00:00:00:00:00:02', 3)",0.0
"(4, 2, '00:00:00:00:00:02', 3)",0.0
"(4, 2, '00:00:00:00:00:02', 3)",-64.07185793393164
"(4, 2, '00:00:00:00:00:02', 3)",0.0
"(2, 1, '00:00:00:00:00:01', 2)",0.0
"(2, 1, '00:00:00:00:00:01', 2)",-155.63280148423007
"(2, 1, '00:00:00:00:00:01', 2)",0.0
"(2, 1, '00:00:00:00:00:01', 2)",0.0
"(2, 1, '00:00:00:00:00:01', 2)",0.0
"(2, 1, '00:00:00:00:00:01', 2)",0.0
"(2, 1, '00:00:00:00:00:01', 2)",0.0
"(2, 1, '00:00:00:00:00:01', 2)",0.0
"(2, 1, '00:00:00:00:00:01', 2)",0.0
"(2, 1, '00:00:00:00:00:02', 2)",-1067.4792788971367
"(2, 1, '00:00:00:00:00:02', 2)",136.02229038578474
"(2, 1, '00:00:00:00:00:02', 2)",-65.75003004572176
"(2, 1, '00:00:00:00:00:02', 2)",0.0
"(2, 1, '00:00:00:00:00:02', 2)",0.0
"(2, 1, '00:00:00:00:00:02', 2)",0.0
"(2, 1, '00:00:00:00:00:02', 2)",0.0
"(2, 1, '00:00:00:00:00:02', 2)",0.0
"(2, 1, '00:00:00:00:00:02', 2)",0.0
"(2, 1, '00:00:00:00:00:02', 2)",0.0
"(2, 2, '00:00:00:00:00:01', 2)",0.0
"(2, 2, '00:00:00:00:00:01', 2)",0.0
"(2, 2, '00:00:00:00:00:01', 2)",0.0
"(2, 2, '00:00:00:00:00:01', 2)",0.0
"(2, 2, '00:00:00:00:00:01', 2)",0.0
"(2, 2, '00:00:00:00:00:01', 2)",0.0
"(2, 2, '00:00:00:00:00:01', 2)",0.0
"(2, 2, '00:00:00:00:00:01', 2)",0.0
"(2, 2, '00:00:00:00:00:01', 2)",0.0
"(2, 2, '00:00:00:00:00:02', 2)",0.0
"(2, 2, '00:00:00:00:00:02', 2)",0.0
"(2, 2, '00:00:00:00:00:02', 2)",0.0
"(2, 2, '00:00:00:00:00:02', 2)",0.0
"(2, 2, '00:00:00:00:00:02', 2)",0.0
"(2, 2, '00:00:00:00:00:02', 2)",0.0
"(2, 2, '00:00:00:00:00:02', 2)",0.0
"(2, 2, '00:00:00:00:00:02', 2)",0.0
"(2, 2, '00:00:00:00:00:02', 2)",0.0
"(2, 2, '00:00:00:00:00:02', 2)",0.0
"(2, 2, '00:00:00:00:00:02', 2)",0.0
"(2, 2, '00:00:00:00:00:02', 2)",0.0
"(3, 1, '00:00:00:00:00:01', 2)",0.0
"(3, 1, '00:00:00:00:00:01', 2)",-82.05020662672699
"(3, 1, '00:00:00:00:00:01', 2)",0.0
"(3, 1, '00:00:00:00:00:01', 2)",0.0
"(3, 1, '00:00:00:00:00:01', 2)",0.0
"(3, 1, '00:00:00:00:00:01', 2)",0.0
"(3, 1, '00:00:00:00:00:01', 2)",0.0
"(3, 1, '00:00:00:00:00:01', 2)",0.0
"(3, 1, '00:00:00:00:00:01', 2)",0.0
"(3, 1, '00:00:00:00:00:02', 2)",-625.8209263288778
"(3, 1, '00:00:00:00:00:02', 2)",121.20076575763049
"(3, 1, '00:00:00:00:00:02', 2)",-95.53769847672378
"(3, 1, '00:00:00:00:00:02', 2)",0.0
"(3, 1, '00:00:00:00:00:02', 2)",0.0
"(3, 1, '00:00:00:00:00:02', 2)",0.0
"(3, 1, '00:00:00:00:00:02', 2)",0.0
"(3, 1, '00:00:00:00:00:02', 2)",0.0
"(3, 1, '00:00:00:00:00:02', 2)",0.0
"(3, 1, '00:00:00:00:00:02', 2)",0.0
"(3, 2, '00:00:00:00:00:01', 2)",0.0
"(3, 2, '00:00:00:00:00:01', 2)",0.0
"(3, 2, '00:00:00:00:00:01', 2)",0.0
"(3, 2, '00:00:00:00:00:01', 2)",0.0
"(3, 2, '00:00:00:00:00:01', 2)",0.0
"(3, 2, '00:00:00:00:00:01', 2)",0.0
"(3, 2, '00:00:00:00:00:01', 2)",0.0
"(3, 2, '00:00:00:00:00:01', 2)",0.0
"(3, 2, '00:00:00:00:00:01', 2)",0.0
"(3, 2, '00:00:00:00:00:02', 2)",0.0
"(3, 2, '00:00:00:00:00:02', 2)",0.0
"(3, 2, '00:00:00:00:00:02', 2)",0.0
"(3, 2, '00:00:00:00:00:02', 2)",0.0
"(3, 2, '00:00:00:00:00:02', 2)",0.0
"(3, 2, '00:00:00:00:00:02', 2)",0.0
"(3, 2, '00:00:00:00:00:02', 2)",0.0
"(3, 2, '00:00:00:00:00:02', 2)",0.0
"(3, 2, '00:00:00:00:00:02', 2)",0.0
"(3, 2, '00:00:00:00:00:02', 2)",0.0
"(3, 2, '00:00:00:00:00:02', 2)",0.0
"(3, 2, '00:00:00:00:00:02', 2)",0.0
"(2, 1, '00:00:00:00:00:01', 2)",0.0
"(2, 1, '00:00:00:00:00:01', 2)",-132.4691354125543
"(2, 1, '00:00:00:00:00:01', 2)",0.0
"(2, 1, '00:00:00:00:00:01', 2)",0.0
"(2, 1, '00:00:00:00:00:01', 2)",0.0
"(2, 1, '00:00:00:00:00:01', 2)",0.0
"(2, 1, '00:00:00:00:00:01', 2)",0.0
"(2, 1, '00:00:00:00:00:01', 2)",0.0
"(2, 1, '00:00:00:00:00:01', 2)",0.0
"(2, 1, '00:00:00:00:00:02', 2)",-435.8661874864689
"(2, 1, '00:00:00:00:00:02', 2)",70.65826413505071
"(2, 1, '00:00:00:00:00:02', 2)",-75.84922277059864
"(2, 1, '00:00:00:00:00:02', 2)",0.0
"(2, 1, '00:00:00:00:00:02', 2)",0.0
"(2, 1, '00:00:00:00:00:02', 2)",0.0
"(2, 1, '00:00:00:00:00:02', 2)",0.0
"(2, 1, '00:00:00:00:00:02', 2)",0.0
"(2, 1, '00:00:00:00:00:02', 2)",0.0
"(2, 1, '00:00:00:00:00:02', 2)",0.0
"(2, 1, '00:00:00:00:00:02', 2)",0.0
"(2, 1, '00:00:00:00:00:02', 2)",0.0
"(2, 2, '00:00:00:00:00:01', 2)",0.0
"(2, 2, '00:00:00:00:00:01', 2)",0.0
"(2, 2, '00:00:00:00:00:01', 2)",0.0
"(2, 2, '00:00:00:00:00:01', 2)",0.0
"(2, 2, '00:00:00:00:00:01', 2)",0.0
"(2, 2, '00:00:00:00:00:01', 2)",0.0
"(2, 2, '00:00:00:00:00:01', 2)",0.0
"(2, 2, '00:00:00:00:00:01', 2)",0.0
"(2, 2, '00:00:00:00:00:01', 2)",0.0
"(2, 2, '00:00:00:00:00:02', 2)",0.0
"(2, 2, '00:00:00:00:00:02', 2)",0.0
"(2, 2, '00:00:00:00:00:02', 2)",0.0
"(2, 2, '00:00:00:00:00:02', 2)",0.0
"(2, 2, '00:00:00:00:00:02', 2)",0.0
"(2, 2, '00:00:00:00:00:02', 2)",0.0
"(2, 2, '00:00:00:00:00:02', 2)",0.0
"(2, 2, '00:00:00:00:00:02', 2)",0.0
"(2, 2, '00:00:00:00:00:02', 2)",0.0
"(2, 2, '00:00:00:00:00:02', 2)",0.0
"(2, 2, '00:00:00:00:00:02', 2)",0.0
"(2, 2, '00:00:00:00:00:02', 2)",0.0
