Time,flowKey,Speed
1686561110.033477,"(2, 2, '00:00:00:00:00:01', 2)",0.0
1686561110.039537,"(2, 2, '00:00:00:00:00:01', 2)",0.0
1686561110.0462942,"(2, 2, '00:00:00:00:00:01', 2)",0.0
1686561110.051522,"(2, 2, '00:00:00:00:00:01', 2)",0.0
1686561110.0604916,"(2, 2, '00:00:00:00:00:01', 2)",0.0
1686561110.0752695,"(1, 2, '00:00:00:00:00:01', 4294967291)",0.0
1686561110.0818312,"(1, 2, '00:00:00:00:00:01', 4294967291)",0.0
1686561110.0896382,"(1, 2, '00:00:00:00:00:01', 4294967291)",0.0
1686561110.097597,"(1, 2, '00:00:00:00:00:01', 4294967291)",0.0
1686561110.1034377,"(1, 3, '00:00:00:00:00:01', 4294967291)",0.0
1686561110.1135805,"(1, 3, '00:00:00:00:00:01', 4294967291)",0.0
1686561110.1189206,"(1, 3, '00:00:00:00:00:01', 4294967291)",0.0
1686561110.1262858,"(1, 3, '00:00:00:00:00:01', 4294967291)",0.0
1686561110.1342525,"(1, 3, '00:00:00:00:00:01', 4294967291)",0.0
1686561110.3428183,"(3, 2, '00:00:00:00:00:01', 2)",6.176427830182833
1686561110.3503425,"(3, 2, '00:00:00:00:00:01', 2)",0.0
1686561110.3577719,"(3, 2, '00:00:00:00:00:01', 2)",0.0
1686561110.3655849,"(3, 2, '00:00:00:00:00:01', 2)",0.0
1686561110.374159,"(3, 2, '00:00:00:00:00:01', 2)",0.0
1686561113.5771947,"(1, 2, '00:00:00:00:00:01', 4294967291)",0.0
1686561113.5964994,"(1, 2, '00:00:00:00:00:01', 4294967291)",0.0
1686561113.608001,"(1, 2, '00:00:00:00:00:01', 4294967291)",0.0
1686561113.6175327,"(1, 2, '00:00:00:00:00:01', 4294967291)",0.0
1686561113.6256816,"(1, 2, '00:00:00:00:00:01', 4294967291)",0.0
1686561113.633712,"(1, 3, '00:00:00:00:00:01', 4294967291)",0.0
1686561113.641998,"(1, 3, '00:00:00:00:00:01', 4294967291)",0.0
1686561113.6499462,"(1, 3, '00:00:00:00:00:01', 4294967291)",0.0
1686561113.65765,"(1, 3, '00:00:00:00:00:01', 4294967291)",0.0
1686561113.6617255,"(1, 3, '00:00:00:00:00:01', 4294967291)",0.0
1686561113.943792,"(2, 1, '00:00:00:00:00:01', 2)",0.0
1686561113.9540117,"(2, 1, '00:00:00:00:00:01', 2)",0.0
1686561113.9601147,"(2, 1, '00:00:00:00:00:01', 2)",0.0
1686561113.9655411,"(2, 1, '00:00:00:00:00:01', 2)",0.0
1686561113.974203,"(2, 1, '00:00:00:00:00:01', 2)",0.0
1686561113.9821632,"(2, 2, '00:00:00:00:00:01', 2)",0.0
1686561113.989504,"(2, 2, '00:00:00:00:00:01', 2)",0.0
1686561113.9946058,"(2, 2, '00:00:00:00:00:01', 2)",0.0
1686561114.0031214,"(2, 2, '00:00:00:00:00:01', 2)",0.0
1686561114.0105076,"(2, 2, '00:00:00:00:00:01', 2)",3.8601677097482248
1686561114.1502144,"(4, 1, '00:00:00:00:00:01', 4294967291)",0.0
1686561114.1570063,"(4, 1, '00:00:00:00:00:01', 4294967291)",0.0
1686561114.162006,"(4, 1, '00:00:00:00:00:01', 4294967291)",0.0
1686561114.1674535,"(4, 1, '00:00:00:00:00:01', 4294967291)",0.0
1686561114.1743057,"(4, 1, '00:00:00:00:00:01', 4294967291)",0.0
1686561114.1804488,"(4, 1, '00:00:00:00:00:01', 4294967291)",0.0
1686561114.1899254,"(4, 1, '00:00:00:00:00:01', 4294967291)",0.0
1686561114.193438,"(4, 1, '00:00:00:00:00:01', 4294967291)",0.0
1686561114.200777,"(4, 1, '00:00:00:00:00:01', 4294967291)",0.0
1686561114.2077959,"(4, 1, '00:00:00:00:00:01', 4294967291)",0.0
1686561114.213731,"(4, 1, '00:00:00:00:00:01', 4294967291)",0.0
1686561114.2192192,"(4, 1, '00:00:00:00:00:01', 4294967291)",0.0
1686561114.22741,"(4, 2, '00:00:00:00:00:01', 4294967291)",0.0
1686561114.2323253,"(4, 2, '00:00:00:00:00:01', 4294967291)",0.0
1686561114.237581,"(4, 2, '00:00:00:00:00:01', 4294967291)",0.0
1686561114.2456172,"(4, 2, '00:00:00:00:00:01', 4294967291)",0.0
1686561114.2537081,"(4, 2, '00:00:00:00:00:01', 4294967291)",0.0
1686561114.263199,"(4, 2, '00:00:00:00:00:01', 4294967291)",0.0
1686561114.2729213,"(4, 2, '00:00:00:00:00:01', 4294967291)",0.0
1686561114.2788818,"(4, 2, '00:00:00:00:00:01', 4294967291)",0.0
1686561114.2909284,"(4, 2, '00:00:00:00:00:01', 4294967291)",0.0
1686561114.2961195,"(4, 2, '00:00:00:00:00:01', 4294967291)",0.0
1686561114.2995317,"(4, 2, '00:00:00:00:00:01', 4294967291)",0.0
1686561114.3053133,"(4, 2, '00:00:00:00:00:01', 4294967291)",0.0
1686561114.359098,"(3, 1, '00:00:00:00:00:01', 2)",0.0
1686561114.36596,"(3, 1, '00:00:00:00:00:01', 2)",0.0
1686561114.3702316,"(3, 1, '00:00:00:00:00:01', 2)",0.0
1686561114.3733628,"(3, 1, '00:00:00:00:00:01', 2)",0.0
1686561114.378232,"(3, 1, '00:00:00:00:00:01', 2)",0.0
1686561114.38344,"(3, 2, '00:00:00:00:00:01', 2)",3.589290943273906
1686561114.38694,"(3, 2, '00:00:00:00:00:01', 2)",0.0
1686561114.392267,"(3, 2, '00:00:00:00:00:01', 2)",0.0
1686561114.3953428,"(3, 2, '00:00:00:00:00:01', 2)",0.0
1686561114.3990977,"(3, 2, '00:00:00:00:00:01', 2)",7.593370731348022
1686561116.8560925,"(4, 1, '00:00:00:00:00:01', 4294967291)",0.0
1686561116.8698997,"(4, 1, '00:00:00:00:00:01', 4294967291)",0.0
1686561116.8773534,"(4, 1, '00:00:00:00:00:01', 4294967291)",0.0
1686561116.885323,"(4, 1, '00:00:00:00:00:01', 4294967291)",0.0
1686561116.891207,"(4, 1, '00:00:00:00:00:01', 4294967291)",0.0
1686561116.8999588,"(4, 1, '00:00:00:00:00:01', 4294967291)",0.0
1686561116.9061325,"(4, 1, '00:00:00:00:00:01', 4294967291)",0.0
1686561116.9147213,"(4, 1, '00:00:00:00:00:01', 4294967291)",0.0
1686561116.9216821,"(4, 1, '00:00:00:00:00:01', 4294967291)",0.0
1686561116.927921,"(4, 1, '00:00:00:00:00:01', 4294967291)",0.0
1686561116.935649,"(4, 1, '00:00:00:00:00:01', 4294967291)",0.0
1686561116.9423847,"(4, 1, '00:00:00:00:00:01', 4294967291)",0.0
1686561116.9529107,"(4, 2, '00:00:00:00:00:01', 4294967291)",0.0
1686561116.9591024,"(4, 2, '00:00:00:00:00:01', 4294967291)",0.0
1686561116.9654095,"(4, 2, '00:00:00:00:00:01', 4294967291)",0.0
1686561116.9739375,"(4, 2, '00:00:00:00:00:01', 4294967291)",0.0
1686561116.9826083,"(4, 2, '00:00:00:00:00:01', 4294967291)",0.0
1686561116.9916236,"(4, 2, '00:00:00:00:00:01', 4294967291)",0.0
1686561116.9929605,"(4, 2, '00:00:00:00:00:01', 4294967291)",0.0
1686561117.0018444,"(4, 2, '00:00:00:00:00:01', 4294967291)",0.0
1686561117.0096793,"(4, 2, '00:00:00:00:00:01', 4294967291)",0.0
1686561117.0175276,"(4, 2, '00:00:00:00:00:01', 4294967291)",0.0
1686561117.023762,"(4, 2, '00:00:00:00:00:01', 4294967291)",0.0
1686561117.0282,"(4, 2, '00:00:00:00:00:01', 4294967291)",0.0
1686561117.0667293,"(1, 2, '00:00:00:00:00:01', 4294967291)",0.0
1686561117.0696836,"(1, 2, '00:00:00:00:00:01', 4294967291)",0.0
1686561117.0752656,"(1, 2, '00:00:00:00:00:01', 4294967291)",0.0
1686561117.0810575,"(1, 2, '00:00:00:00:00:01', 4294967291)",0.0
1686561117.0868173,"(1, 2, '00:00:00:00:00:01', 4294967291)",0.0
1686561117.0947354,"(1, 2, '00:00:00:00:00:01', 4294967291)",0.0
1686561117.103809,"(1, 3, '00:00:00:00:00:01', 4294967291)",0.0
1686561117.1090772,"(1, 3, '00:00:00:00:00:01', 4294967291)",0.0
1686561117.1139796,"(1, 3, '00:00:00:00:00:01', 4294967291)",0.0
1686561117.1220078,"(1, 3, '00:00:00:00:00:01', 4294967291)",0.0
1686561117.1280692,"(1, 3, '00:00:00:00:00:01', 4294967291)",0.0
1686561117.1354449,"(1, 3, '00:00:00:00:00:01', 4294967291)",0.0
1686561117.1455355,"(1, 3, '00:00:00:00:00:01', 4294967291)",0.0
1686561117.7646785,"(3, 1, '00:00:00:00:00:01', 2)",0.0
1686561117.771631,"(3, 1, '00:00:00:00:00:01', 2)",0.0
1686561117.7811322,"(3, 1, '00:00:00:00:00:01', 2)",0.0
1686561117.7875955,"(3, 1, '00:00:00:00:00:01', 2)",0.0
1686561117.7940524,"(3, 1, '00:00:00:00:00:01', 2)",0.0
1686561117.8031986,"(3, 2, '00:00:00:00:00:01', 2)",5.26448299207607
1686561117.8118165,"(3, 2, '00:00:00:00:00:01', 2)",0.0
1686561117.8192213,"(3, 2, '00:00:00:00:00:01', 2)",0.0
1686561117.826059,"(3, 2, '00:00:00:00:00:01', 2)",0.0
1686561117.8376377,"(3, 2, '00:00:00:00:00:01', 2)",2.4624824077094147
1686561117.8434014,"(3, 2, '00:00:00:00:00:01', 2)",5.771223505935884
1686561117.8497126,"(3, 2, '00:00:00:00:00:01', 2)",0.0
1686561117.8529747,"(3, 2, '00:00:00:00:00:01', 2)",0.0
1686561117.8584328,"(3, 2, '00:00:00:00:00:01', 2)",0.0
1686561117.8657882,"(3, 2, '00:00:00:00:00:01', 2)",0.0
1686561117.8701537,"(3, 2, '00:00:00:00:00:01', 2)",0.0
1686561117.8715646,"(3, 2, '00:00:00:00:00:01', 2)",0.0
1686561118.2517805,"(2, 1, '00:00:00:00:00:01', 2)",0.0
1686561118.258962,"(2, 1, '00:00:00:00:00:01', 2)",0.0
1686561118.2662172,"(2, 1, '00:00:00:00:00:01', 2)",0.0
1686561118.2737134,"(2, 1, '00:00:00:00:00:01', 2)",0.0
1686561118.283035,"(2, 1, '00:00:00:00:00:01', 2)",0.0
1686561118.2870617,"(2, 2, '00:00:00:00:00:01', 2)",0.0
1686561118.2939205,"(2, 2, '00:00:00:00:00:01', 2)",0.0
1686561118.3009813,"(2, 2, '00:00:00:00:00:01', 2)",0.0
1686561118.309946,"(2, 2, '00:00:00:00:00:01', 2)",0.0
1686561118.3154168,"(2, 2, '00:00:00:00:00:01', 2)",5.211714270373922
1686561118.3238742,"(2, 2, '00:00:00:00:00:01', 2)",3.9331133046542437
1686561118.3323023,"(2, 2, '00:00:00:00:00:01', 2)",0.0
1686561118.3383117,"(2, 2, '00:00:00:00:00:01', 2)",0.0
1686561118.3485622,"(2, 2, '00:00:00:00:00:01', 2)",0.0
1686561118.3535087,"(2, 2, '00:00:00:00:00:01', 2)",0.0
1686561118.3596423,"(2, 2, '00:00:00:00:00:01', 2)",0.0
1686561118.3650181,"(2, 2, '00:00:00:00:00:01', 2)",0.0
1686561120.2565236,"(1, 2, '00:00:00:00:00:01', 4294967291)",0.0
1686561120.2666552,"(1, 2, '00:00:00:00:00:01', 4294967291)",0.0
1686561120.2702558,"(1, 2, '00:00:00:00:00:01', 4294967291)",0.0
1686561120.2773306,"(1, 2, '00:00:00:00:00:01', 4294967291)",0.0
1686561120.2842648,"(1, 2, '00:00:00:00:00:01', 4294967291)",0.0
1686561120.291215,"(1, 2, '00:00:00:00:00:01', 4294967291)",0.0
1686561120.2979307,"(1, 2, '00:00:00:00:00:01', 4294967291)",0.0
1686561120.3080642,"(1, 2, '00:00:00:00:00:01', 4294967291)",0.0
1686561120.3150098,"(1, 2, '00:00:00:00:00:01', 4294967291)",0.0
1686561120.321714,"(1, 2, '00:00:00:00:00:01', 4294967291)",0.0
1686561120.3302653,"(1, 2, '00:00:00:00:00:01', 4294967291)",0.0
1686561120.3337753,"(1, 2, '00:00:00:00:00:01', 4294967291)",0.0
1686561120.3449314,"(1, 3, '00:00:00:00:00:01', 4294967291)",0.0
1686561120.350901,"(1, 3, '00:00:00:00:00:01', 4294967291)",0.0
1686561120.3575656,"(1, 3, '00:00:00:00:00:01', 4294967291)",0.0
1686561120.3662953,"(1, 3, '00:00:00:00:00:01', 4294967291)",0.0
1686561120.3712301,"(1, 3, '00:00:00:00:00:01', 4294967291)",0.0
1686561120.3802335,"(1, 3, '00:00:00:00:00:01', 4294967291)",0.0
1686561120.3856916,"(1, 3, '00:00:00:00:00:01', 4294967291)",0.0
1686561120.3943067,"(1, 3, '00:00:00:00:00:01', 4294967291)",0.0
1686561120.399259,"(1, 3, '00:00:00:00:00:01', 4294967291)",0.0
1686561120.4078317,"(1, 3, '00:00:00:00:00:01', 4294967291)",0.0
1686561120.4149618,"(1, 3, '00:00:00:00:00:01', 4294967291)",0.0
1686561120.4212728,"(1, 3, '00:00:00:00:00:01', 4294967291)",0.0
1686561120.596481,"(2, 1, '00:00:00:00:00:01', 2)",0.0
1686561120.6028116,"(2, 1, '00:00:00:00:00:01', 2)",0.0
1686561120.6078305,"(2, 1, '00:00:00:00:00:01', 2)",0.0
1686561120.6145027,"(2, 1, '00:00:00:00:00:01', 2)",0.0
1686561120.6268165,"(2, 1, '00:00:00:00:00:01', 2)",0.0
1686561120.6284597,"(2, 1, '00:00:00:00:00:01', 2)",0.0
1686561120.6309605,"(2, 1, '00:00:00:00:00:01', 2)",0.0
1686561120.6389728,"(2, 1, '00:00:00:00:00:01', 2)",0.0
1686561120.6469228,"(2, 2, '00:00:00:00:00:01', 2)",0.0
1686561120.6535623,"(2, 2, '00:00:00:00:00:01', 2)",0.0
1686561120.6626792,"(2, 2, '00:00:00:00:00:01', 2)",0.0
1686561120.6676743,"(2, 2, '00:00:00:00:00:01', 2)",0.0
1686561120.6761441,"(2, 2, '00:00:00:00:00:01', 2)",3.366305296213934
1686561120.6832883,"(2, 2, '00:00:00:00:00:01', 2)",4.656076364291674
1686561120.69271,"(2, 2, '00:00:00:00:00:01', 2)",0.0
1686561120.697476,"(2, 2, '00:00:00:00:00:01', 2)",0.0
1686561120.7052174,"(2, 2, '00:00:00:00:00:01', 2)",0.0
1686561120.7137055,"(2, 2, '00:00:00:00:00:01', 2)",0.0
1686561120.720167,"(2, 2, '00:00:00:00:00:01', 2)",0.0
1686561120.7231624,"(2, 2, '00:00:00:00:00:01', 2)",0.0
1686561120.746625,"(3, 1, '00:00:00:00:00:01', 2)",0.0
1686561120.748008,"(3, 1, '00:00:00:00:00:01', 2)",0.0
1686561120.7500303,"(3, 1, '00:00:00:00:00:01', 2)",0.0
1686561120.753914,"(3, 1, '00:00:00:00:00:01', 2)",0.0
1686561120.755261,"(3, 1, '00:00:00:00:00:01', 2)",0.0
1686561120.7646751,"(3, 1, '00:00:00:00:00:01', 2)",0.0
1686561120.7737186,"(3, 1, '00:00:00:00:00:01', 2)",0.0
1686561120.7815022,"(3, 1, '00:00:00:00:00:01', 2)",0.0
1686561120.7880104,"(3, 1, '00:00:00:00:00:01', 2)",0.0
1686561120.7907228,"(3, 2, '00:00:00:00:00:01', 2)",10.258019870303656
1686561120.794421,"(3, 2, '00:00:00:00:00:01', 2)",0.0
1686561120.8012376,"(3, 2, '00:00:00:00:00:01', 2)",0.0
1686561120.8072076,"(3, 2, '00:00:00:00:00:01', 2)",0.0
1686561120.8176281,"(3, 2, '00:00:00:00:00:01', 2)",2.736129124579587
1686561120.8278267,"(3, 2, '00:00:00:00:00:01', 2)",3.2616263385075746
1686561120.8332036,"(3, 2, '00:00:00:00:00:01', 2)",0.0
1686561120.8427808,"(3, 2, '00:00:00:00:00:01', 2)",0.0
1686561120.8468661,"(3, 2, '00:00:00:00:00:01', 2)",0.0
1686561120.8519292,"(3, 2, '00:00:00:00:00:01', 2)",0.0
1686561120.860354,"(3, 2, '00:00:00:00:00:01', 2)",0.0
1686561120.8636076,"(3, 2, '00:00:00:00:00:01', 2)",0.0
1686561121.464986,"(4, 1, '00:00:00:00:00:01', 4294967291)",5.924890787158144
1686561121.4704938,"(4, 1, '00:00:00:00:00:01', 4294967291)",0.8627909011731094
1686561121.4740453,"(4, 1, '00:00:00:00:00:01', 4294967291)",1.3380325327604725
1686561121.4832106,"(4, 1, '00:00:00:00:00:01', 4294967291)",0.5184780346496021
1686561121.4897401,"(4, 1, '00:00:00:00:00:01', 4294967291)",0.7277661886296418
1686561121.4975727,"(4, 1, '00:00:00:00:00:01', 4294967291)",0.0
1686561121.504137,"(4, 1, '00:00:00:00:00:01', 4294967291)",0.0
1686561121.5136702,"(4, 1, '00:00:00:00:00:01', 4294967291)",0.0
1686561121.5216174,"(4, 1, '00:00:00:00:00:01', 4294967291)",0.0
1686561121.5299022,"(4, 1, '00:00:00:00:00:01', 4294967291)",0.0
1686561121.534961,"(4, 1, '00:00:00:00:00:01', 4294967291)",0.0
1686561121.5415978,"(4, 1, '00:00:00:00:00:01', 4294967291)",0.0
1686561121.551267,"(4, 2, '00:00:00:00:00:01', 4294967291)",5.466629897970378
1686561121.5579531,"(4, 2, '00:00:00:00:00:01', 4294967291)",0.7107164672657252
1686561121.5642724,"(4, 2, '00:00:00:00:00:01', 4294967291)",0.7519838750424448
1686561121.573761,"(4, 2, '00:00:00:00:00:01', 4294967291)",0.5008124179104477
1686561121.5813398,"(4, 2, '00:00:00:00:00:01', 4294967291)",0.6270080724801812
1686561121.5905511,"(4, 2, '00:00:00:00:00:01', 4294967291)",0.0
1686561121.593102,"(4, 2, '00:00:00:00:00:01', 4294967291)",0.0
1686561121.5977736,"(4, 2, '00:00:00:00:00:01', 4294967291)",0.0
1686561121.6051335,"(4, 2, '00:00:00:00:00:01', 4294967291)",0.0
1686561121.6125393,"(4, 2, '00:00:00:00:00:01', 4294967291)",0.0
1686561121.6192067,"(4, 2, '00:00:00:00:00:01', 4294967291)",0.0
1686561121.6210656,"(4, 2, '00:00:00:00:00:01', 4294967291)",0.0
1686561123.9209929,"(2, 1, '00:00:00:00:00:01', 2)",0.0
1686561123.9272625,"(2, 1, '00:00:00:00:00:01', 2)",0.0
1686561123.9398377,"(2, 1, '00:00:00:00:00:01', 2)",0.0
1686561123.9499264,"(2, 1, '00:00:00:00:00:01', 2)",0.0
1686561123.953681,"(2, 1, '00:00:00:00:00:01', 2)",0.0
1686561123.9600513,"(2, 1, '00:00:00:00:00:01', 2)",0.0
1686561123.9662821,"(2, 1, '00:00:00:00:00:01', 2)",0.0
1686561123.9736648,"(2, 1, '00:00:00:00:00:01', 2)",0.0
1686561123.981445,"(2, 1, '00:00:00:00:00:01', 2)",0.0
1686561123.9903603,"(2, 1, '00:00:00:00:00:01', 2)",0.0
1686561123.9933922,"(2, 1, '00:00:00:00:00:01', 2)",0.0
1686561123.9991896,"(2, 1, '00:00:00:00:00:01', 2)",0.0
1686561124.0086439,"(2, 2, '00:00:00:00:00:01', 2)",0.0
1686561124.0158281,"(2, 2, '00:00:00:00:00:01', 2)",0.0
1686561124.0236645,"(2, 2, '00:00:00:00:00:01', 2)",0.0
1686561124.0304077,"(2, 2, '00:00:00:00:00:01', 2)",0.0
1686561124.037561,"(2, 2, '00:00:00:00:00:01', 2)",3.985867934806519
1686561124.0434964,"(2, 2, '00:00:00:00:00:01', 2)",5.604311237437236
1686561124.0504062,"(2, 2, '00:00:00:00:00:01', 2)",0.0
1686561124.057202,"(2, 2, '00:00:00:00:00:01', 2)",0.0
1686561124.0657542,"(2, 2, '00:00:00:00:00:01', 2)",0.0
1686561124.0709126,"(2, 2, '00:00:00:00:00:01', 2)",0.0
1686561124.079417,"(2, 2, '00:00:00:00:00:01', 2)",0.0
1686561124.0819354,"(2, 2, '00:00:00:00:00:01', 2)",0.0
1686561124.7392783,"(3, 1, '00:00:00:00:00:01', 2)",0.0
1686561124.7439349,"(3, 1, '00:00:00:00:00:01', 2)",0.0
1686561124.7490735,"(3, 1, '00:00:00:00:00:01', 2)",0.0
1686561124.7621603,"(3, 1, '00:00:00:00:00:01', 2)",0.0
1686561124.7657912,"(3, 1, '00:00:00:00:00:01', 2)",0.0
1686561124.7768269,"(3, 1, '00:00:00:00:00:01', 2)",0.0
1686561124.7813704,"(3, 1, '00:00:00:00:00:01', 2)",0.0
1686561124.7870913,"(3, 1, '00:00:00:00:00:01', 2)",0.0
1686561124.7936993,"(3, 1, '00:00:00:00:00:01', 2)",0.0
1686561124.8052945,"(3, 1, '00:00:00:00:00:01', 2)",0.0
1686561124.8084147,"(3, 1, '00:00:00:00:00:01', 2)",0.0
1686561124.8150034,"(3, 1, '00:00:00:00:00:01', 2)",0.0
1686561124.8247607,"(3, 2, '00:00:00:00:00:01', 2)",3.726179212563096
1686561124.8365293,"(3, 2, '00:00:00:00:00:01', 2)",0.0
1686561124.8410394,"(3, 2, '00:00:00:00:00:01', 2)",0.0
1686561124.8474362,"(3, 2, '00:00:00:00:00:01', 2)",0.0
1686561124.8533602,"(3, 2, '00:00:00:00:00:01', 2)",4.812975234354249
1686561124.864744,"(3, 2, '00:00:00:00:00:01', 2)",2.922054333382202
1686561124.866135,"(3, 2, '00:00:00:00:00:01', 2)",0.0
1686561124.8758533,"(3, 2, '00:00:00:00:00:01', 2)",0.0
1686561124.8811107,"(3, 2, '00:00:00:00:00:01', 2)",0.0
1686561124.887243,"(3, 2, '00:00:00:00:00:01', 2)",0.0
1686561124.893952,"(3, 2, '00:00:00:00:00:01', 2)",0.0
1686561124.8999524,"(3, 2, '00:00:00:00:00:01', 2)",0.0
1686561125.5086884,"(4, 1, '00:00:00:00:00:01', 4294967291)",5.947876039391226
1686561125.5176282,"(4, 1, '00:00:00:00:00:01', 4294967291)",0.5315589024962663
1686561125.5238085,"(4, 1, '00:00:00:00:00:01', 4294967291)",0.7688964049070288
1686561125.5321205,"(4, 1, '00:00:00:00:00:01', 4294967291)",0.5717044605455641
1686561125.5401547,"(4, 1, '00:00:00:00:00:01', 4294967291)",0.591469304053653
1686561125.5457747,"(4, 1, '00:00:00:00:00:01', 4294967291)",0.8455511881893772
1686561125.5545592,"(4, 1, '00:00:00:00:00:01', 4294967291)",0.5409508103677568
1686561125.56063,"(4, 1, '00:00:00:00:00:01', 4294967291)",0.7827566511408711
1686561125.5670676,"(4, 1, '00:00:00:00:00:01', 4294967291)",0.7381701643642828
1686561125.5748687,"(4, 1, '00:00:00:00:00:01', 4294967291)",0.6091483070904645
1686561125.5816414,"(4, 1, '00:00:00:00:00:01', 4294967291)",0.0
1686561125.590544,"(4, 1, '00:00:00:00:00:01', 4294967291)",0.5337796627745045
1686561125.5970063,"(4, 1, '00:00:00:00:00:01', 4294967291)",0.0
1686561125.6032305,"(4, 1, '00:00:00:00:00:01', 4294967291)",0.0
1686561125.6116986,"(4, 1, '00:00:00:00:00:01', 4294967291)",0.0
1686561125.6209438,"(4, 2, '00:00:00:00:00:01', 4294967291)",0.964637141031846
1686561125.6270685,"(4, 2, '00:00:00:00:00:01', 4294967291)",0.775870318346374
1686561125.6337442,"(4, 2, '00:00:00:00:00:01', 4294967291)",0.7118333074285714
1686561125.6361825,"(4, 2, '00:00:00:00:00:01', 4294967291)",1.9488933810501614
1686561125.6454163,"(4, 2, '00:00:00:00:00:01', 4294967291)",0.5146358699682408
1686561125.6468863,"(4, 2, '00:00:00:00:00:01', 4294967291)",3.232457445345443
1686561125.6494012,"(4, 2, '00:00:00:00:00:01', 4294967291)",1.8895840546075084
1686561125.6579459,"(4, 2, '00:00:00:00:00:01', 4294967291)",0.556135288596222
1686561125.6606946,"(4, 2, '00:00:00:00:00:01', 4294967291)",1.728799775175644
1686561125.6635134,"(4, 2, '00:00:00:00:00:01', 4294967291)",1.685810082720122
1686561125.6669652,"(4, 2, '00:00:00:00:00:01', 4294967291)",0.0
1686561125.6728196,"(4, 2, '00:00:00:00:00:01', 4294967291)",0.8117015926695174
1686561125.6798806,"(4, 2, '00:00:00:00:00:01', 4294967291)",0.0
1686561125.6856182,"(4, 2, '00:00:00:00:00:01', 4294967291)",0.0
1686561125.6984093,"(4, 2, '00:00:00:00:00:01', 4294967291)",0.0
1686561125.705797,"(4, 2, '00:00:00:00:00:01', 4294967291)",0.0
1686561125.9094133,"(1, 2, '00:00:00:00:00:01', 4294967291)",0.0
1686561125.9159677,"(1, 2, '00:00:00:00:00:01', 4294967291)",0.0
1686561125.920484,"(1, 2, '00:00:00:00:00:01', 4294967291)",0.0
1686561125.9239109,"(1, 2, '00:00:00:00:00:01', 4294967291)",0.0
1686561125.9309509,"(1, 2, '00:00:00:00:00:01', 4294967291)",0.0
1686561125.936529,"(1, 2, '00:00:00:00:00:01', 4294967291)",0.0
1686561125.9421587,"(1, 2, '00:00:00:00:00:01', 4294967291)",0.0
1686561125.9510598,"(1, 2, '00:00:00:00:00:01', 4294967291)",0.0
1686561125.9554772,"(1, 2, '00:00:00:00:00:01', 4294967291)",0.0
1686561125.9638636,"(1, 2, '00:00:00:00:00:01', 4294967291)",0.0
1686561125.9699361,"(1, 2, '00:00:00:00:00:01', 4294967291)",0.0
1686561125.9755452,"(1, 2, '00:00:00:00:00:01', 4294967291)",0.0
1686561125.9868407,"(1, 3, '00:00:00:00:00:01', 4294967291)",0.0
1686561125.995524,"(1, 3, '00:00:00:00:00:01', 4294967291)",0.0
1686561126.0042238,"(1, 3, '00:00:00:00:00:01', 4294967291)",0.0
1686561126.0100393,"(1, 3, '00:00:00:00:00:01', 4294967291)",0.0
1686561126.01754,"(1, 3, '00:00:00:00:00:01', 4294967291)",0.0
1686561126.025671,"(1, 3, '00:00:00:00:00:01', 4294967291)",0.0
1686561126.0337775,"(1, 3, '00:00:00:00:00:01', 4294967291)",0.0
1686561126.038015,"(1, 3, '00:00:00:00:00:01', 4294967291)",0.0
1686561126.046036,"(1, 3, '00:00:00:00:00:01', 4294967291)",0.0
1686561126.0536752,"(1, 3, '00:00:00:00:00:01', 4294967291)",0.0
1686561126.0578203,"(1, 3, '00:00:00:00:00:01', 4294967291)",0.0
1686561126.0671637,"(1, 3, '00:00:00:00:00:01', 4294967291)",0.0
1686561127.4117117,"(2, 1, '00:00:00:00:00:01', 2)",0.0
1686561127.4156146,"(2, 1, '00:00:00:00:00:01', 2)",0.0
1686561127.4214804,"(2, 1, '00:00:00:00:00:01', 2)",0.0
1686561127.429789,"(2, 1, '00:00:00:00:00:01', 2)",0.0
1686561127.437794,"(2, 1, '00:00:00:00:00:01', 2)",0.0
1686561127.4431016,"(2, 1, '00:00:00:00:00:01', 2)",0.0
1686561127.4538302,"(2, 1, '00:00:00:00:00:01', 2)",0.0
1686561127.4590812,"(2, 1, '00:00:00:00:00:01', 2)",0.0
1686561127.465563,"(2, 1, '00:00:00:00:00:01', 2)",0.0
1686561127.4732232,"(2, 1, '00:00:00:00:00:01', 2)",0.0
1686561127.4814632,"(2, 1, '00:00:00:00:00:01', 2)",0.0
1686561127.4874322,"(2, 1, '00:00:00:00:00:01', 2)",0.0
1686561127.4948034,"(2, 2, '00:00:00:00:00:01', 2)",0.0
1686561127.5017114,"(2, 2, '00:00:00:00:00:01', 2)",0.0
1686561127.5092592,"(2, 2, '00:00:00:00:00:01', 2)",0.0
1686561127.517636,"(2, 2, '00:00:00:00:00:01', 2)",0.0
1686561127.526116,"(2, 2, '00:00:00:00:00:01', 2)",5.043495191385273
1686561127.5296776,"(2, 2, '00:00:00:00:00:01', 2)",13.341811773211058
1686561127.541788,"(2, 2, '00:00:00:00:00:01', 2)",0.0
1686561127.5450397,"(2, 2, '00:00:00:00:00:01', 2)",0.0
1686561127.5512807,"(2, 2, '00:00:00:00:00:01', 2)",0.0
1686561127.5550807,"(2, 2, '00:00:00:00:00:01', 2)",0.0
1686561127.561906,"(2, 2, '00:00:00:00:00:01', 2)",0.0
1686561127.570109,"(2, 2, '00:00:00:00:00:01', 2)",0.0
1686561127.5756001,"(2, 2, '00:00:00:00:00:01', 2)",0.0
1686561127.584135,"(2, 2, '00:00:00:00:00:01', 2)",0.0
1686561127.5913782,"(2, 2, '00:00:00:00:00:01', 2)",0.0
1686561127.5965862,"(2, 2, '00:00:00:00:00:01', 2)",0.0
1686561127.6070387,"(2, 2, '00:00:00:00:00:01', 2)",0.0
1686561127.6105647,"(2, 2, '00:00:00:00:00:01', 2)",0.0
1686561127.6203501,"(2, 2, '00:00:00:00:00:01', 2)",0.0
1686561128.0681238,"(3, 1, '00:00:00:00:00:01', 2)",0.0
1686561128.0752888,"(3, 1, '00:00:00:00:00:01', 2)",0.0
1686561128.0821233,"(3, 1, '00:00:00:00:00:01', 2)",0.0
1686561128.0897174,"(3, 1, '00:00:00:00:00:01', 2)",0.0
1686561128.0968313,"(3, 1, '00:00:00:00:00:01', 2)",0.0
1686561128.1054804,"(3, 1, '00:00:00:00:00:01', 2)",0.0
1686561128.1131623,"(3, 1, '00:00:00:00:00:01', 2)",0.0
1686561128.1206188,"(3, 1, '00:00:00:00:00:01', 2)",0.0
1686561128.1279063,"(3, 1, '00:00:00:00:00:01', 2)",0.0
1686561128.135331,"(3, 1, '00:00:00:00:00:01', 2)",0.0
1686561128.1456015,"(3, 1, '00:00:00:00:00:01', 2)",0.0
1686561128.150119,"(3, 1, '00:00:00:00:00:01', 2)",0.0
1686561128.159171,"(3, 2, '00:00:00:00:00:01', 2)",1.6646899363568026
1686561128.165635,"(3, 2, '00:00:00:00:00:01', 2)",0.0
1686561128.1775463,"(3, 2, '00:00:00:00:00:01', 2)",0.0
1686561128.1800988,"(3, 2, '00:00:00:00:00:01', 2)",0.0
1686561128.1842906,"(3, 2, '00:00:00:00:00:01', 2)",10.202593190308269
1686561128.1939638,"(3, 2, '00:00:00:00:00:01', 2)",4.912583212067435
1686561128.2001762,"(3, 2, '00:00:00:00:00:01', 2)",0.0
1686561128.2031705,"(3, 2, '00:00:00:00:00:01', 2)",0.0
1686561128.2133083,"(3, 2, '00:00:00:00:00:01', 2)",0.0
1686561128.2217374,"(3, 2, '00:00:00:00:00:01', 2)",0.0
1686561128.2235377,"(3, 2, '00:00:00:00:00:01', 2)",0.0
1686561128.228329,"(3, 2, '00:00:00:00:00:01', 2)",0.0
1686561128.2355037,"(3, 2, '00:00:00:00:00:01', 2)",0.0
1686561128.2387214,"(3, 2, '00:00:00:00:00:01', 2)",0.0
1686561128.2453954,"(3, 2, '00:00:00:00:00:01', 2)",0.0
1686561128.2577286,"(3, 2, '00:00:00:00:00:01', 2)",0.0
1686561128.263211,"(3, 2, '00:00:00:00:00:01', 2)",0.0
1686561128.769607,"(4, 1, '00:00:00:00:00:01', 4294967291)",2.0630713806024223
1686561128.7734144,"(4, 1, '00:00:00:00:00:01', 4294967291)",1.2481265331579936
1686561128.7797554,"(4, 1, '00:00:00:00:00:01', 4294967291)",0.7494109117160476
1686561128.7871153,"(4, 1, '00:00:00:00:00:01', 4294967291)",0.6456537935860058
1686561128.7913246,"(4, 1, '00:00:00:00:00:01', 4294967291)",1.1289341607476635
1686561128.797672,"(4, 1, '00:00:00:00:00:01', 4294967291)",0.7486508886301318
1686561128.8033254,"(4, 1, '00:00:00:00:00:01', 4294967291)",0.8405588987854251
1686561128.810818,"(4, 1, '00:00:00:00:00:01', 4294967291)",0.6342306563991599
1686561128.8173647,"(4, 1, '00:00:00:00:00:01', 4294967291)",0.7258579193706982
1686561128.825617,"(4, 1, '00:00:00:00:00:01', 4294967291)",0.5758337216652702
1686561128.8338728,"(4, 1, '00:00:00:00:00:01', 4294967291)",0.0
1686561128.8418517,"(4, 1, '00:00:00:00:00:01', 4294967291)",0.5955696111874739
1686561128.8488622,"(4, 1, '00:00:00:00:00:01', 4294967291)",0.0
1686561128.85549,"(4, 1, '00:00:00:00:00:01', 4294967291)",0.0
1686561128.8638148,"(4, 1, '00:00:00:00:00:01', 4294967291)",0.0
1686561128.8686435,"(4, 1, '00:00:00:00:00:01', 4294967291)",0.0
1686561128.8757212,"(4, 1, '00:00:00:00:00:01', 4294967291)",0.0
1686561128.8821115,"(4, 1, '00:00:00:00:00:01', 4294967291)",0.0
1686561128.8899996,"(4, 1, '00:00:00:00:00:01', 4294967291)",0.0
1686561128.9002378,"(4, 2, '00:00:00:00:00:01', 4294967291)",1.0592757551020406
1686561128.9100454,"(4, 2, '00:00:00:00:00:01', 4294967291)",0.4845228658109685
1686561128.9143515,"(4, 2, '00:00:00:00:00:01', 4294967291)",1.1035564258900394
1686561128.9202998,"(4, 2, '00:00:00:00:00:01', 4294967291)",0.7988830256924125
1686561128.9245389,"(4, 2, '00:00:00:00:00:01', 4294967291)",1.1209973345331834
1686561128.9350464,"(4, 2, '00:00:00:00:00:01', 4294967291)",0.45224479506262477
1686561128.9381263,"(4, 2, '00:00:00:00:00:01', 4294967291)",1.5429116432884347
1686561128.940565,"(4, 2, '00:00:00:00:00:01', 4294967291)",1.9485123284778572
1686561128.9492552,"(4, 2, '00:00:00:00:00:01', 4294967291)",0.5468279680649676
1686561128.9538908,"(4, 2, '00:00:00:00:00:01', 4294967291)",1.0251161141799106
1686561128.9590611,"(4, 2, '00:00:00:00:00:01', 4294967291)",0.0
1686561128.9719906,"(4, 2, '00:00:00:00:00:01', 4294967291)",0.3675333322515213
1686561128.9776142,"(4, 2, '00:00:00:00:00:01', 4294967291)",0.0
1686561128.9817874,"(4, 2, '00:00:00:00:00:01', 4294967291)",0.0
1686561128.9895358,"(4, 2, '00:00:00:00:00:01', 4294967291)",0.0
1686561128.9945138,"(4, 2, '00:00:00:00:00:01', 4294967291)",0.0
1686561129.0030115,"(4, 2, '00:00:00:00:00:01', 4294967291)",0.0
1686561129.0090883,"(4, 2, '00:00:00:00:00:01', 4294967291)",0.0
1686561129.0152953,"(4, 2, '00:00:00:00:00:01', 4294967291)",0.0
1686561130.3506107,"(1, 2, '00:00:00:00:00:01', 4294967291)",0.0
1686561130.3543558,"(1, 2, '00:00:00:00:00:01', 4294967291)",0.0
1686561130.360311,"(1, 2, '00:00:00:00:00:01', 4294967291)",0.0
1686561130.3670564,"(1, 2, '00:00:00:00:00:01', 4294967291)",0.0
1686561130.3748565,"(1, 2, '00:00:00:00:00:01', 4294967291)",0.0
1686561130.3816345,"(1, 2, '00:00:00:00:00:01', 4294967291)",0.0
1686561130.389171,"(1, 2, '00:00:00:00:00:01', 4294967291)",0.0
1686561130.399526,"(1, 2, '00:00:00:00:00:01', 4294967291)",0.0
1686561130.4047594,"(1, 2, '00:00:00:00:00:01', 4294967291)",0.0
1686561130.4118235,"(1, 2, '00:00:00:00:00:01', 4294967291)",0.0
1686561130.4203665,"(1, 2, '00:00:00:00:00:01', 4294967291)",0.0
1686561130.4254136,"(1, 2, '00:00:00:00:00:01', 4294967291)",0.0
1686561130.433487,"(1, 3, '00:00:00:00:00:01', 4294967291)",0.0
1686561130.4408698,"(1, 3, '00:00:00:00:00:01', 4294967291)",0.0
1686561130.4497387,"(1, 3, '00:00:00:00:00:01', 4294967291)",0.0
1686561130.4578335,"(1, 3, '00:00:00:00:00:01', 4294967291)",0.0
1686561130.4636602,"(1, 3, '00:00:00:00:00:01', 4294967291)",0.0
1686561130.4693182,"(1, 3, '00:00:00:00:00:01', 4294967291)",0.0
1686561130.4775987,"(1, 3, '00:00:00:00:00:01', 4294967291)",0.0
1686561130.4823601,"(1, 3, '00:00:00:00:00:01', 4294967291)",0.0
1686561130.4897184,"(1, 3, '00:00:00:00:00:01', 4294967291)",0.0
1686561130.5060055,"(1, 3, '00:00:00:00:00:01', 4294967291)",0.0
1686561130.5225394,"(1, 3, '00:00:00:00:00:01', 4294967291)",0.0
1686561130.5267947,"(1, 3, '00:00:00:00:00:01', 4294967291)",0.0
1686561131.6353765,"(4, 1, '00:00:00:00:00:01', 4294967291)",4.467906883658372
1686561131.6457617,"(4, 1, '00:00:00:00:00:01', 4294967291)",0.45757094074703275
1686561131.6510594,"(4, 1, '00:00:00:00:00:01', 4294967291)",0.8969996673267326
1686561131.6575463,"(4, 1, '00:00:00:00:00:01', 4294967291)",0.7325541240811526
1686561131.666211,"(4, 1, '00:00:00:00:00:01', 4294967291)",0.5484379673105498
1686561131.6705842,"(4, 1, '00:00:00:00:00:01', 4294967291)",1.0865906671754892
1686561131.6793134,"(4, 1, '00:00:00:00:00:01', 4294967291)",0.5443785706716194
1686561131.6861467,"(4, 1, '00:00:00:00:00:01', 4294967291)",0.6954165105195214
1686561131.6949103,"(4, 1, '00:00:00:00:00:01', 4294967291)",0.5422459016785919
1686561131.7076936,"(4, 1, '00:00:00:00:00:01', 4294967291)",0.37173531917115843
1686561131.7110312,"(4, 1, '00:00:00:00:00:01', 4294967291)",0.0
1686561131.713977,"(4, 1, '00:00:00:00:00:01', 4294967291)",1.613089398510845
1686561131.7216105,"(4, 1, '00:00:00:00:00:01', 4294967291)",0.6225234284286473
1686561131.728833,"(4, 1, '00:00:00:00:00:01', 4294967291)",0.6579517580959298
1686561131.7422192,"(4, 1, '00:00:00:00:00:01', 4294967291)",0.0
1686561131.7501252,"(4, 1, '00:00:00:00:00:01', 4294967291)",0.0
1686561131.7574806,"(4, 1, '00:00:00:00:00:01', 4294967291)",0.0
1686561131.7612252,"(4, 1, '00:00:00:00:00:01', 4294967291)",0.0
1686561131.7658105,"(4, 1, '00:00:00:00:00:01', 4294967291)",0.0
1686561131.7744188,"(4, 2, '00:00:00:00:00:01', 4294967291)",7.850071921228831
1686561131.7774546,"(4, 2, '00:00:00:00:00:01', 4294967291)",1.5653288783476007
1686561131.7843835,"(4, 2, '00:00:00:00:00:01', 4294967291)",0.6858210931112793
1686561131.7858844,"(4, 2, '00:00:00:00:00:01', 4294967291)",3.166216458776807
1686561131.7882583,"(4, 2, '00:00:00:00:00:01', 4294967291)",2.0017407460078336
1686561131.7936502,"(4, 2, '00:00:00:00:00:01', 4294967291)",0.8813324168914438
1686561131.7956057,"(4, 2, '00:00:00:00:00:01', 4294967291)",2.430057621068032
1686561131.800388,"(4, 2, '00:00:00:00:00:01', 4294967291)",0.9936354059524404
1686561131.8135908,"(4, 2, '00:00:00:00:00:01', 4294967291)",0.35992727188673795
1686561131.818078,"(4, 2, '00:00:00:00:00:01', 4294967291)",1.0589943471654004
1686561131.823361,"(4, 2, '00:00:00:00:00:01', 4294967291)",0.0
1686561131.8300185,"(4, 2, '00:00:00:00:00:01', 4294967291)",0.7137706850021487
1686561131.8393397,"(4, 2, '00:00:00:00:00:01', 4294967291)",0.5098049060773481
1686561131.8460455,"(4, 2, '00:00:00:00:00:01', 4294967291)",0.7086444075943966
1686561131.8523307,"(4, 2, '00:00:00:00:00:01', 4294967291)",0.0
1686561131.8570545,"(4, 2, '00:00:00:00:00:01', 4294967291)",0.0
1686561131.865342,"(4, 2, '00:00:00:00:00:01', 4294967291)",0.0
1686561131.8743613,"(4, 2, '00:00:00:00:00:01', 4294967291)",0.0
1686561131.8795817,"(4, 2, '00:00:00:00:00:01', 4294967291)",0.0
1686561131.9522967,"(2, 1, '00:00:00:00:00:01', 2)",0.0
1686561131.9603717,"(2, 1, '00:00:00:00:00:01', 2)",0.0
1686561131.9661424,"(2, 1, '00:00:00:00:00:01', 2)",0.0
1686561131.9737003,"(2, 1, '00:00:00:00:00:01', 2)",0.0
1686561131.9857743,"(2, 1, '00:00:00:00:00:01', 2)",0.0
1686561131.99761,"(2, 1, '00:00:00:00:00:01', 2)",0.0
1686561132.0007856,"(2, 1, '00:00:00:00:00:01', 2)",0.0
1686561132.0039332,"(2, 1, '00:00:00:00:00:01', 2)",0.0
1686561132.0150921,"(2, 1, '00:00:00:00:00:01', 2)",0.0
1686561132.0200524,"(2, 1, '00:00:00:00:00:01', 2)",0.0
1686561132.022789,"(2, 1, '00:00:00:00:00:01', 2)",0.0
1686561132.0300195,"(2, 1, '00:00:00:00:00:01', 2)",0.0
1686561132.0337405,"(2, 1, '00:00:00:00:00:01', 2)",0.0
1686561132.0547836,"(2, 2, '00:00:00:00:00:01', 2)",0.0
1686561132.0590515,"(2, 2, '00:00:00:00:00:01', 2)",0.0
1686561132.063573,"(2, 2, '00:00:00:00:00:01', 2)",0.0
1686561132.0702183,"(2, 2, '00:00:00:00:00:01', 2)",0.0
1686561132.0807953,"(2, 2, '00:00:00:00:00:01', 2)",6.739174292090256
1686561132.0862718,"(2, 2, '00:00:00:00:00:01', 2)",13.883383618981279
1686561132.0955665,"(2, 2, '00:00:00:00:00:01', 2)",0.0
1686561132.1019745,"(2, 2, '00:00:00:00:00:01', 2)",0.0
1686561132.1095803,"(2, 2, '00:00:00:00:00:01', 2)",0.0
1686561132.116524,"(2, 2, '00:00:00:00:00:01', 2)",0.0
1686561132.1246426,"(2, 2, '00:00:00:00:00:01', 2)",0.0
1686561132.1341157,"(2, 2, '00:00:00:00:00:01', 2)",0.0
1686561132.1375754,"(2, 2, '00:00:00:00:00:01', 2)",0.0
1686561132.14336,"(2, 2, '00:00:00:00:00:01', 2)",0.0
1686561132.146753,"(2, 2, '00:00:00:00:00:01', 2)",0.0
1686561132.149659,"(2, 2, '00:00:00:00:00:01', 2)",0.0
1686561132.157692,"(2, 2, '00:00:00:00:00:01', 2)",0.0
1686561132.165657,"(2, 2, '00:00:00:00:00:01', 2)",0.0
1686561132.1740808,"(2, 2, '00:00:00:00:00:01', 2)",0.0
1686561133.1647913,"(3, 1, '00:00:00:00:00:01', 2)",0.0
1686561133.1717443,"(3, 1, '00:00:00:00:00:01', 2)",0.0
1686561133.181268,"(3, 1, '00:00:00:00:00:01', 2)",0.0
1686561133.1903126,"(3, 1, '00:00:00:00:00:01', 2)",0.0
1686561133.1955366,"(3, 1, '00:00:00:00:00:01', 2)",0.0
1686561133.2026823,"(3, 1, '00:00:00:00:00:01', 2)",0.0
1686561133.213066,"(3, 1, '00:00:00:00:00:01', 2)",0.0
1686561133.2174215,"(3, 1, '00:00:00:00:00:01', 2)",0.0
1686561133.2229118,"(3, 1, '00:00:00:00:00:01', 2)",0.0
1686561133.2276773,"(3, 1, '00:00:00:00:00:01', 2)",0.0
1686561133.2327604,"(3, 1, '00:00:00:00:00:01', 2)",0.0
1686561133.241861,"(3, 1, '00:00:00:00:00:01', 2)",0.0
1686561133.250199,"(3, 1, '00:00:00:00:00:01', 2)",0.0
1686561133.25863,"(3, 2, '00:00:00:00:00:01', 2)",5.285423656324582
1686561133.2667198,"(3, 2, '00:00:00:00:00:01', 2)",0.0
1686561133.2736404,"(3, 2, '00:00:00:00:00:01', 2)",0.0
1686561133.283127,"(3, 2, '00:00:00:00:00:01', 2)",0.0
1686561133.2894208,"(3, 2, '00:00:00:00:00:01', 2)",11.325478790817487
1686561133.2933333,"(3, 2, '00:00:00:00:00:01', 2)",19.43335293893967
1686561133.3020165,"(3, 2, '00:00:00:00:00:01', 2)",0.0
1686561133.3100238,"(3, 2, '00:00:00:00:00:01', 2)",0.0
1686561133.3139958,"(3, 2, '00:00:00:00:00:01', 2)",0.0
1686561133.3209476,"(3, 2, '00:00:00:00:00:01', 2)",0.0
1686561133.3249896,"(3, 2, '00:00:00:00:00:01', 2)",0.0
1686561133.3350215,"(3, 2, '00:00:00:00:00:01', 2)",0.0
1686561133.3399665,"(3, 2, '00:00:00:00:00:01', 2)",0.0
1686561133.3467505,"(3, 2, '00:00:00:00:00:01', 2)",0.0
1686561133.3568769,"(3, 2, '00:00:00:00:00:01', 2)",0.0
1686561133.3617935,"(3, 2, '00:00:00:00:00:01', 2)",0.0
1686561133.3657854,"(3, 2, '00:00:00:00:00:01', 2)",0.0
1686561133.3736796,"(3, 2, '00:00:00:00:00:01', 2)",0.0
1686561133.3817737,"(3, 2, '00:00:00:00:00:01', 2)",0.0
1686561133.925728,"(1, 2, '00:00:00:00:00:01', 4294967291)",0.0
1686561133.9359565,"(1, 2, '00:00:00:00:00:01', 4294967291)",0.0
1686561133.9412196,"(1, 2, '00:00:00:00:00:01', 4294967291)",0.0
1686561133.9490364,"(1, 2, '00:00:00:00:00:01', 4294967291)",0.0
1686561133.9540906,"(1, 2, '00:00:00:00:00:01', 4294967291)",0.0
1686561133.9654412,"(1, 2, '00:00:00:00:00:01', 4294967291)",0.0
1686561133.9704266,"(1, 2, '00:00:00:00:00:01', 4294967291)",0.0
1686561133.977596,"(1, 2, '00:00:00:00:00:01', 4294967291)",0.0
1686561133.9826217,"(1, 2, '00:00:00:00:00:01', 4294967291)",0.0
1686561133.9942021,"(1, 2, '00:00:00:00:00:01', 4294967291)",0.0
1686561133.997349,"(1, 2, '00:00:00:00:00:01', 4294967291)",0.0
1686561134.0004845,"(1, 2, '00:00:00:00:00:01', 4294967291)",0.0
1686561134.0032423,"(1, 2, '00:00:00:00:00:01', 4294967291)",0.0
1686561134.0106661,"(1, 2, '00:00:00:00:00:01', 4294967291)",0.0
1686561134.0177412,"(1, 2, '00:00:00:00:00:01', 4294967291)",0.0
1686561134.025536,"(1, 2, '00:00:00:00:00:01', 4294967291)",0.0
1686561134.031387,"(1, 2, '00:00:00:00:00:01', 4294967291)",0.0
1686561134.0457425,"(1, 3, '00:00:00:00:00:01', 4294967291)",0.0
1686561134.0517626,"(1, 3, '00:00:00:00:00:01', 4294967291)",0.0
1686561134.0577137,"(1, 3, '00:00:00:00:00:01', 4294967291)",0.0
1686561134.061454,"(1, 3, '00:00:00:00:00:01', 4294967291)",0.0
1686561134.0676603,"(1, 3, '00:00:00:00:00:01', 4294967291)",0.0
1686561134.0747979,"(1, 3, '00:00:00:00:00:01', 4294967291)",0.0
1686561134.0826135,"(1, 3, '00:00:00:00:00:01', 4294967291)",0.0
1686561134.0879612,"(1, 3, '00:00:00:00:00:01', 4294967291)",0.0
1686561134.0935845,"(1, 3, '00:00:00:00:00:01', 4294967291)",0.0
1686561134.0974839,"(1, 3, '00:00:00:00:00:01', 4294967291)",0.0
1686561134.106373,"(1, 3, '00:00:00:00:00:01', 4294967291)",0.0
1686561134.1142316,"(1, 3, '00:00:00:00:00:01', 4294967291)",0.0
1686561134.1177843,"(1, 3, '00:00:00:00:00:01', 4294967291)",0.0
1686561134.1281793,"(1, 3, '00:00:00:00:00:01', 4294967291)",0.0
1686561134.134746,"(1, 3, '00:00:00:00:00:01', 4294967291)",0.0
1686561134.1418314,"(1, 3, '00:00:00:00:00:01', 4294967291)",0.0
1686561136.008361,"(4, 1, '00:00:00:00:00:01', 4294967291)",5.398519124593716
1686561136.014665,"(4, 1, '00:00:00:00:00:01', 4294967291)",0.7538325494704993
1686561136.0281801,"(4, 1, '00:00:00:00:00:01', 4294967291)",0.35160323545080885
1686561136.036229,"(4, 1, '00:00:00:00:00:01', 4294967291)",0.5904005630498534
1686561136.0431063,"(4, 1, '00:00:00:00:00:01', 4294967291)",0.6909565488455938
1686561136.0497408,"(4, 1, '00:00:00:00:00:01', 4294967291)",0.7162587633593273
1686561136.0559225,"(4, 1, '00:00:00:00:00:01', 4294967291)",0.7687184745448936
1686561136.0635273,"(4, 1, '00:00:00:00:00:01', 4294967291)",0.6248654296015299
1686561136.0725038,"(4, 1, '00:00:00:00:00:01', 4294967291)",0.5293846642231076
1686561136.0808842,"(4, 1, '00:00:00:00:00:01', 4294967291)",0.5670364895590327
1686561136.0851226,"(4, 1, '00:00:00:00:00:01', 4294967291)",0.0
1686561136.0911267,"(4, 1, '00:00:00:00:00:01', 4294967291)",0.7914598184489536
1686561136.0975666,"(4, 1, '00:00:00:00:00:01', 4294967291)",0.7378968793454518
1686561136.1025743,"(4, 1, '00:00:00:00:00:01', 4294967291)",0.0
1686561136.1125047,"(4, 1, '00:00:00:00:00:01', 4294967291)",0.0
1686561136.1177092,"(4, 1, '00:00:00:00:00:01', 4294967291)",0.0
1686561136.1214352,"(4, 1, '00:00:00:00:00:01', 4294967291)",0.0
1686561136.1311212,"(4, 1, '00:00:00:00:00:01', 4294967291)",0.49060534160389896
1686561136.1363614,"(4, 1, '00:00:00:00:00:01', 4294967291)",0.0
1686561136.1429179,"(4, 1, '00:00:00:00:00:01', 4294967291)",0.0
1686561136.1519287,"(4, 2, '00:00:00:00:00:01', 4294967291)",2.640261307193006
1686561136.161966,"(4, 2, '00:00:00:00:00:01', 4294967291)",0.4734283279809976
1686561136.1654208,"(4, 2, '00:00:00:00:00:01', 4294967291)",1.375523299378882
1686561136.1705785,"(4, 2, '00:00:00:00:00:01', 4294967291)",0.9213392783247816
1686561136.1751173,"(4, 2, '00:00:00:00:00:01', 4294967291)",1.0469786525187792
1686561136.1831346,"(4, 2, '00:00:00:00:00:01', 4294967291)",0.5927181315014721
1686561136.191895,"(4, 2, '00:00:00:00:00:01', 4294967291)",0.5424377478772044
1686561136.198011,"(4, 2, '00:00:00:00:00:01', 4294967291)",0.7769894202401373
1686561136.2014747,"(4, 2, '00:00:00:00:00:01', 4294967291)",1.3719254273127752
1686561136.2054143,"(4, 2, '00:00:00:00:00:01', 4294967291)",1.2062050718954247
1686561136.2109237,"(4, 2, '00:00:00:00:00:01', 4294967291)",0.0
1686561136.2177496,"(4, 2, '00:00:00:00:00:01', 4294967291)",0.6961694938176738
1686561136.2246451,"(4, 2, '00:00:00:00:00:01', 4294967291)",0.6891408826498859
1686561136.2294264,"(4, 2, '00:00:00:00:00:01', 4294967291)",0.0
1686561136.2347748,"(4, 2, '00:00:00:00:00:01', 4294967291)",0.0
1686561136.2411418,"(4, 2, '00:00:00:00:00:01', 4294967291)",0.0
1686561136.2484684,"(4, 2, '00:00:00:00:00:01', 4294967291)",0.0
1686561136.2556486,"(4, 2, '00:00:00:00:00:01', 4294967291)",0.0
1686561136.2604551,"(4, 2, '00:00:00:00:00:01', 4294967291)",0.9886573714285715
1686561136.2680378,"(4, 2, '00:00:00:00:00:01', 4294967291)",0.0
1686561136.2716432,"(4, 2, '00:00:00:00:00:01', 4294967291)",0.0
1686561136.276011,"(4, 2, '00:00:00:00:00:01', 4294967291)",0.0
1686561136.4785655,"(2, 1, '00:00:00:00:00:01', 2)",0.0
1686561136.4877896,"(2, 1, '00:00:00:00:00:01', 2)",0.0
1686561136.494862,"(2, 1, '00:00:00:00:00:01', 2)",0.0
1686561136.5020823,"(2, 1, '00:00:00:00:00:01', 2)",0.0
1686561136.5099006,"(2, 1, '00:00:00:00:00:01', 2)",0.0
1686561136.517417,"(2, 1, '00:00:00:00:00:01', 2)",0.0
1686561136.525309,"(2, 1, '00:00:00:00:00:01', 2)",0.0
1686561136.5313315,"(2, 1, '00:00:00:00:00:01', 2)",0.0
1686561136.5381641,"(2, 1, '00:00:00:00:00:01', 2)",0.0
1686561136.5458434,"(2, 1, '00:00:00:00:00:01', 2)",0.0
1686561136.550241,"(2, 1, '00:00:00:00:00:01', 2)",0.0
1686561136.5594091,"(2, 1, '00:00:00:00:00:01', 2)",0.0
1686561136.5630426,"(2, 1, '00:00:00:00:00:01', 2)",0.0
1686561136.5702617,"(2, 1, '00:00:00:00:00:01', 2)",0.0
1686561136.5758333,"(2, 1, '00:00:00:00:00:01', 2)",0.0
1686561136.5830586,"(2, 1, '00:00:00:00:00:01', 2)",0.0
1686561136.5907571,"(2, 1, '00:00:00:00:00:01', 2)",0.0
1686561136.5937383,"(2, 2, '00:00:00:00:00:01', 2)",0.0
1686561136.5985906,"(2, 2, '00:00:00:00:00:01', 2)",0.0
1686561136.6071281,"(2, 2, '00:00:00:00:00:01', 2)",0.0
1686561136.6133182,"(2, 2, '00:00:00:00:00:01', 2)",0.0
1686561136.6184306,"(2, 2, '00:00:00:00:00:01', 2)",14.8720478350977
1686561136.62609,"(2, 2, '00:00:00:00:00:01', 2)",10.546991668306045
1686561136.6333902,"(2, 2, '00:00:00:00:00:01', 2)",0.0
1686561136.6405349,"(2, 2, '00:00:00:00:00:01', 2)",0.0
1686561136.6465166,"(2, 2, '00:00:00:00:00:01', 2)",0.0
1686561136.6540678,"(2, 2, '00:00:00:00:00:01', 2)",0.0
1686561136.6622856,"(2, 2, '00:00:00:00:00:01', 2)",0.0
1686561136.6700346,"(2, 2, '00:00:00:00:00:01', 2)",0.0
1686561136.6712224,"(2, 2, '00:00:00:00:00:01', 2)",0.0
1686561136.6742718,"(2, 2, '00:00:00:00:00:01', 2)",0.0
1686561136.6845794,"(2, 2, '00:00:00:00:00:01', 2)",0.0
1686561136.6895835,"(2, 2, '00:00:00:00:00:01', 2)",0.0
1686561136.6938677,"(2, 2, '00:00:00:00:00:01', 2)",0.0
1686561136.6998162,"(2, 2, '00:00:00:00:00:01', 2)",0.0
1686561136.7069767,"(2, 2, '00:00:00:00:00:01', 2)",0.0
1686561136.8155973,"(3, 1, '00:00:00:00:00:01', 2)",0.0
1686561136.820865,"(3, 1, '00:00:00:00:00:01', 2)",0.0
1686561136.8316748,"(3, 1, '00:00:00:00:00:01', 2)",0.0
1686561136.8418229,"(3, 1, '00:00:00:00:00:01', 2)",0.0
1686561136.8498225,"(3, 1, '00:00:00:00:00:01', 2)",0.0
1686561136.8526497,"(3, 1, '00:00:00:00:00:01', 2)",0.0
1686561136.8582995,"(3, 1, '00:00:00:00:00:01', 2)",0.0
1686561136.8667903,"(3, 1, '00:00:00:00:00:01', 2)",0.0
1686561136.8736124,"(3, 1, '00:00:00:00:00:01', 2)",0.0
1686561136.878547,"(3, 1, '00:00:00:00:00:01', 2)",0.0
1686561136.8834605,"(3, 1, '00:00:00:00:00:01', 2)",0.0
1686561136.8884575,"(3, 1, '00:00:00:00:00:01', 2)",0.0
1686561136.895215,"(3, 1, '00:00:00:00:00:01', 2)",0.0
1686561136.9074664,"(3, 1, '00:00:00:00:00:01', 2)",0.0
1686561136.9097342,"(3, 1, '00:00:00:00:00:01', 2)",0.0
1686561136.9149456,"(3, 1, '00:00:00:00:00:01', 2)",0.0
1686561136.9206083,"(3, 1, '00:00:00:00:00:01', 2)",0.0
1686561136.925591,"(3, 1, '00:00:00:00:00:01', 2)",0.0
1686561136.9317918,"(3, 2, '00:00:00:00:00:01', 2)",5.584570638274026
1686561136.939136,"(3, 2, '00:00:00:00:00:01', 2)",0.0
1686561136.9424872,"(3, 2, '00:00:00:00:00:01', 2)",0.0
1686561136.9525263,"(3, 2, '00:00:00:00:00:01', 2)",0.0
1686561136.958264,"(3, 2, '00:00:00:00:00:01', 2)",13.251114507105461
1686561136.9657385,"(3, 2, '00:00:00:00:00:01', 2)",10.808059149473683
1686561136.9735596,"(3, 2, '00:00:00:00:00:01', 2)",0.0
1686561136.9814806,"(3, 2, '00:00:00:00:00:01', 2)",0.0
1686561136.984987,"(3, 2, '00:00:00:00:00:01', 2)",0.0
1686561136.990383,"(3, 2, '00:00:00:00:00:01', 2)",0.0
1686561136.9993305,"(3, 2, '00:00:00:00:00:01', 2)",0.0
1686561137.0099618,"(3, 2, '00:00:00:00:00:01', 2)",0.0
1686561137.0133963,"(3, 2, '00:00:00:00:00:01', 2)",0.0
1686561137.0216596,"(3, 2, '00:00:00:00:00:01', 2)",0.0
1686561137.0271754,"(3, 2, '00:00:00:00:00:01', 2)",0.0
1686561137.0302444,"(3, 2, '00:00:00:00:00:01', 2)",0.0
1686561137.0390286,"(3, 2, '00:00:00:00:00:01', 2)",0.0
1686561137.0441127,"(3, 2, '00:00:00:00:00:01', 2)",0.0
1686561137.0487306,"(3, 2, '00:00:00:00:00:01', 2)",0.0
1686561138.2885113,"(1, 2, '00:00:00:00:00:01', 4294967291)",0.0
1686561138.300577,"(1, 2, '00:00:00:00:00:01', 4294967291)",0.0
1686561138.3074813,"(1, 2, '00:00:00:00:00:01', 4294967291)",0.0
1686561138.3162327,"(1, 2, '00:00:00:00:00:01', 4294967291)",0.0
1686561138.3215916,"(1, 2, '00:00:00:00:00:01', 4294967291)",0.0
1686561138.3293087,"(1, 2, '00:00:00:00:00:01', 4294967291)",0.0
1686561138.3360205,"(1, 2, '00:00:00:00:00:01', 4294967291)",0.0
1686561138.3452454,"(1, 2, '00:00:00:00:00:01', 4294967291)",0.0
1686561138.3510823,"(1, 2, '00:00:00:00:00:01', 4294967291)",0.0
1686561138.3568637,"(1, 2, '00:00:00:00:00:01', 4294967291)",0.0
1686561138.361657,"(1, 2, '00:00:00:00:00:01', 4294967291)",0.0
1686561138.3694885,"(1, 2, '00:00:00:00:00:01', 4294967291)",0.0
1686561138.3792999,"(1, 2, '00:00:00:00:00:01', 4294967291)",0.0
1686561138.3849776,"(1, 2, '00:00:00:00:00:01', 4294967291)",0.0
1686561138.3927085,"(1, 2, '00:00:00:00:00:01', 4294967291)",0.0
1686561138.3979442,"(1, 2, '00:00:00:00:00:01', 4294967291)",0.0
1686561138.4063056,"(1, 2, '00:00:00:00:00:01', 4294967291)",0.0
1686561138.412527,"(1, 2, '00:00:00:00:00:01', 4294967291)",0.0
1686561138.420139,"(1, 2, '00:00:00:00:00:01', 4294967291)",0.0
1686561138.4338245,"(1, 3, '00:00:00:00:00:01', 4294967291)",0.0
1686561138.4363809,"(1, 3, '00:00:00:00:00:01', 4294967291)",0.0
1686561138.4377093,"(1, 3, '00:00:00:00:00:01', 4294967291)",0.0
1686561138.4412029,"(1, 3, '00:00:00:00:00:01', 4294967291)",0.0
1686561138.443873,"(1, 3, '00:00:00:00:00:01', 4294967291)",0.0
1686561138.4498084,"(1, 3, '00:00:00:00:00:01', 4294967291)",0.0
1686561138.451495,"(1, 3, '00:00:00:00:00:01', 4294967291)",0.0
1686561138.4538932,"(1, 3, '00:00:00:00:00:01', 4294967291)",0.0
1686561138.461538,"(1, 3, '00:00:00:00:00:01', 4294967291)",0.0
1686561138.4685898,"(1, 3, '00:00:00:00:00:01', 4294967291)",0.0
1686561138.4779484,"(1, 3, '00:00:00:00:00:01', 4294967291)",0.0
1686561138.4851756,"(1, 3, '00:00:00:00:00:01', 4294967291)",0.0
1686561138.4896734,"(1, 3, '00:00:00:00:00:01', 4294967291)",0.0
1686561138.4976187,"(1, 3, '00:00:00:00:00:01', 4294967291)",0.0
1686561138.5011384,"(1, 3, '00:00:00:00:00:01', 4294967291)",0.0
1686561138.5071967,"(1, 3, '00:00:00:00:00:01', 4294967291)",0.0
1686561138.5135832,"(1, 3, '00:00:00:00:00:01', 4294967291)",0.0
1686561138.5192497,"(1, 3, '00:00:00:00:00:01', 4294967291)",0.0
1686561138.5260682,"(1, 3, '00:00:00:00:00:01', 4294967291)",0.0
1686561139.536899,"(4, 1, '00:00:00:00:00:01', 4294967291)",2.258507944249292
1686561139.545693,"(4, 1, '00:00:00:00:00:01', 4294967291)",0.5403788257238912
1686561139.5645351,"(4, 1, '00:00:00:00:00:01', 4294967291)",0.25219957747690747
1686561139.5693576,"(4, 1, '00:00:00:00:00:01', 4294967291)",0.9853825385870372
1686561139.5775871,"(4, 1, '00:00:00:00:00:01', 4294967291)",0.5774352524263406
1686561139.5841904,"(4, 1, '00:00:00:00:00:01', 4294967291)",0.7196466135181976
1686561139.5901234,"(4, 1, '00:00:00:00:00:01', 4294967291)",0.8009376173598554
1686561139.5970306,"(4, 1, '00:00:00:00:00:01', 4294967291)",0.6879753066169618
1686561139.6059148,"(4, 1, '00:00:00:00:00:01', 4294967291)",0.5348826612994123
1686561139.6116529,"(4, 1, '00:00:00:00:00:01', 4294967291)",0.8281602446503511
1686561139.6179245,"(4, 1, '00:00:00:00:00:01', 4294967291)",0.0
1686561139.625598,"(4, 1, '00:00:00:00:00:01', 4294967291)",0.6192739663818548
1686561139.6323423,"(4, 1, '00:00:00:00:00:01', 4294967291)",0.7045861357466064
1686561139.6386328,"(4, 1, '00:00:00:00:00:01', 4294967291)",0.0
1686561139.6483448,"(4, 1, '00:00:00:00:00:01', 4294967291)",0.0
1686561139.6535037,"(4, 1, '00:00:00:00:00:01', 4294967291)",0.0
1686561139.6617682,"(4, 1, '00:00:00:00:00:01', 4294967291)",0.0
1686561139.665865,"(4, 1, '00:00:00:00:00:01', 4294967291)",0.0
1686561139.6722407,"(4, 1, '00:00:00:00:00:01', 4294967291)",0.0
1686561139.6799045,"(4, 1, '00:00:00:00:00:01', 4294967291)",0.620063856645097
1686561139.6904,"(4, 1, '00:00:00:00:00:01', 4294967291)",0.0
1686561139.6922417,"(4, 1, '00:00:00:00:00:01', 4294967291)",0.0
1686561139.69521,"(4, 1, '00:00:00:00:00:01', 4294967291)",0.0
1686561139.7017248,"(4, 1, '00:00:00:00:00:01', 4294967291)",0.0
1686561139.7037418,"(4, 1, '00:00:00:00:00:01', 4294967291)",0.0
1686561139.7059822,"(4, 2, '00:00:00:00:00:01', 4294967291)",11.42196711060172
1686561139.709077,"(4, 2, '00:00:00:00:00:01', 4294967291)",1.5355418033898305
1686561139.7130687,"(4, 2, '00:00:00:00:00:01', 4294967291)",1.190427797168966
1686561139.7247555,"(4, 2, '00:00:00:00:00:01', 4294967291)",0.4066125220939247
1686561139.7386096,"(4, 2, '00:00:00:00:00:01', 4294967291)",0.34300496675156605
1686561139.7463508,"(4, 2, '00:00:00:00:00:01', 4294967291)",0.6138572979765314
1686561139.7514453,"(4, 2, '00:00:00:00:00:01', 4294967291)",0.9327654721078248
1686561139.7536426,"(4, 2, '00:00:00:00:00:01', 4294967291)",2.162688
1686561139.7616358,"(4, 2, '00:00:00:00:00:01', 4294967291)",0.5945037465847403
1686561139.7699428,"(4, 2, '00:00:00:00:00:01', 4294967291)",0.5720490387463407
1686561139.7731364,"(4, 2, '00:00:00:00:00:01', 4294967291)",0.0
1686561139.7804894,"(4, 2, '00:00:00:00:00:01', 4294967291)",0.6462609061962972
1686561139.790151,"(4, 2, '00:00:00:00:00:01', 4294967291)",0.4918523457789404
1686561139.7963548,"(4, 2, '00:00:00:00:00:01', 4294967291)",0.0
1686561139.8011563,"(4, 2, '00:00:00:00:00:01', 4294967291)",0.0
1686561139.8086224,"(4, 2, '00:00:00:00:00:01', 4294967291)",0.0
1686561139.8157713,"(4, 2, '00:00:00:00:00:01', 4294967291)",0.0
1686561139.8274424,"(4, 2, '00:00:00:00:00:01', 4294967291)",0.0
1686561139.8314788,"(4, 2, '00:00:00:00:00:01', 4294967291)",0.0
1686561139.8391957,"(4, 2, '00:00:00:00:00:01', 4294967291)",0.6157917820001854
1686561139.845608,"(4, 2, '00:00:00:00:00:01', 4294967291)",0.0
1686561139.8531737,"(4, 2, '00:00:00:00:00:01', 4294967291)",0.0
1686561139.8629541,"(4, 2, '00:00:00:00:00:01', 4294967291)",0.0
1686561139.866469,"(4, 2, '00:00:00:00:00:01', 4294967291)",0.0
1686561139.8719888,"(4, 2, '00:00:00:00:00:01', 4294967291)",0.0
1686561139.8822541,"(4, 2, '00:00:00:00:00:01', 4294967291)",0.0
1686561140.5243933,"(2, 1, '00:00:00:00:00:01', 2)",0.0
1686561140.533764,"(2, 1, '00:00:00:00:00:01', 2)",0.0
1686561140.5416043,"(2, 1, '00:00:00:00:00:01', 2)",0.0
1686561140.5496066,"(2, 1, '00:00:00:00:00:01', 2)",0.0
1686561140.5615232,"(2, 1, '00:00:00:00:00:01', 2)",0.0
1686561140.5678477,"(2, 1, '00:00:00:00:00:01', 2)",0.0
1686561140.5718753,"(2, 1, '00:00:00:00:00:01', 2)",0.0
1686561140.578141,"(2, 1, '00:00:00:00:00:01', 2)",0.0
1686561140.5852792,"(2, 1, '00:00:00:00:00:01', 2)",0.0
1686561140.590492,"(2, 1, '00:00:00:00:00:01', 2)",0.0
1686561140.5972586,"(2, 1, '00:00:00:00:00:01', 2)",0.0
1686561140.603664,"(2, 1, '00:00:00:00:00:01', 2)",0.0
1686561140.6112652,"(2, 1, '00:00:00:00:00:01', 2)",0.0
1686561140.6185267,"(2, 1, '00:00:00:00:00:01', 2)",0.0
1686561140.6271164,"(2, 1, '00:00:00:00:00:01', 2)",0.0
1686561140.6343787,"(2, 1, '00:00:00:00:00:01', 2)",0.0
1686561140.640026,"(2, 1, '00:00:00:00:00:01', 2)",0.0
1686561140.6499405,"(2, 1, '00:00:00:00:00:01', 2)",0.0
1686561140.6534686,"(2, 1, '00:00:00:00:00:01', 2)",0.0
1686561140.6623595,"(2, 2, '00:00:00:00:00:01', 2)",0.0
1686561140.6698964,"(2, 2, '00:00:00:00:00:01', 2)",0.0
1686561140.6755378,"(2, 2, '00:00:00:00:00:01', 2)",0.0
1686561140.681729,"(2, 2, '00:00:00:00:00:01', 2)",0.0
1686561140.6900687,"(2, 2, '00:00:00:00:00:01', 2)",9.116936496983904
1686561140.6933603,"(2, 2, '00:00:00:00:00:01', 2)",24.542420276401565
1686561140.701031,"(2, 2, '00:00:00:00:00:01', 2)",0.0
1686561140.7106156,"(2, 2, '00:00:00:00:00:01', 2)",0.0
1686561140.717943,"(2, 2, '00:00:00:00:00:01', 2)",0.0
1686561140.7229967,"(2, 2, '00:00:00:00:00:01', 2)",0.0
1686561140.732982,"(2, 2, '00:00:00:00:00:01', 2)",0.0
1686561140.742475,"(2, 2, '00:00:00:00:00:01', 2)",0.0
1686561140.7461355,"(2, 2, '00:00:00:00:00:01', 2)",0.0
1686561140.7502112,"(2, 2, '00:00:00:00:00:01', 2)",0.0
1686561140.7547917,"(2, 2, '00:00:00:00:00:01', 2)",0.0
1686561140.7641037,"(2, 2, '00:00:00:00:00:01', 2)",0.0
1686561140.770119,"(2, 2, '00:00:00:00:00:01', 2)",0.0
1686561140.7789907,"(2, 2, '00:00:00:00:00:01', 2)",0.0
1686561140.7828658,"(2, 2, '00:00:00:00:00:01', 2)",0.0
1686561140.7902253,"(2, 2, '00:00:00:00:00:01', 2)",0.0
1686561140.7973237,"(2, 2, '00:00:00:00:00:01', 2)",0.0
1686561140.8023543,"(2, 2, '00:00:00:00:00:01', 2)",0.0
1686561141.8065948,"(3, 1, '00:00:00:00:00:01', 2)",0.0
1686561141.8121462,"(3, 1, '00:00:00:00:00:01', 2)",0.0
1686561141.818499,"(3, 1, '00:00:00:00:00:01', 2)",0.0
1686561141.8258839,"(3, 1, '00:00:00:00:00:01', 2)",0.0
1686561141.8340237,"(3, 1, '00:00:00:00:00:01', 2)",0.0
1686561141.8404887,"(3, 1, '00:00:00:00:00:01', 2)",0.0
1686561141.8441727,"(3, 1, '00:00:00:00:00:01', 2)",0.0
1686561141.84944,"(3, 1, '00:00:00:00:00:01', 2)",0.0
1686561141.8545902,"(3, 1, '00:00:00:00:00:01', 2)",0.0
1686561141.8588495,"(3, 1, '00:00:00:00:00:01', 2)",0.0
1686561141.8662078,"(3, 1, '00:00:00:00:00:01', 2)",0.0
1686561141.8734052,"(3, 1, '00:00:00:00:00:01', 2)",0.0
1686561141.8809247,"(3, 1, '00:00:00:00:00:01', 2)",0.0
1686561141.8909745,"(3, 1, '00:00:00:00:00:01', 2)",0.0
1686561141.8969362,"(3, 1, '00:00:00:00:00:01', 2)",0.0
1686561141.9049282,"(3, 1, '00:00:00:00:00:01', 2)",0.0
1686561141.910216,"(3, 1, '00:00:00:00:00:01', 2)",0.0
1686561141.9150774,"(3, 1, '00:00:00:00:00:01', 2)",0.0
1686561141.9229877,"(3, 1, '00:00:00:00:00:01', 2)",0.0
1686561141.9336395,"(3, 2, '00:00:00:00:00:01', 2)",1.210895055164034
1686561141.9386122,"(3, 2, '00:00:00:00:00:01', 2)",0.0
1686561141.9466684,"(3, 2, '00:00:00:00:00:01', 2)",0.0
1686561141.955099,"(3, 2, '00:00:00:00:00:01', 2)",0.0
1686561141.9572482,"(3, 2, '00:00:00:00:00:01', 2)",35.37844705214111
1686561141.9630902,"(3, 2, '00:00:00:00:00:01', 2)",13.828211008284699
1686561141.9667606,"(3, 2, '00:00:00:00:00:01', 2)",0.0
1686561141.9776304,"(3, 2, '00:00:00:00:00:01', 2)",0.0
1686561141.9814248,"(3, 2, '00:00:00:00:00:01', 2)",0.0
1686561141.9895542,"(3, 2, '00:00:00:00:00:01', 2)",0.0
1686561141.9914732,"(3, 2, '00:00:00:00:00:01', 2)",0.0
1686561141.9935668,"(3, 2, '00:00:00:00:00:01', 2)",0.0
1686561141.9989455,"(3, 2, '00:00:00:00:00:01', 2)",0.0
1686561142.0071347,"(3, 2, '00:00:00:00:00:01', 2)",0.0
1686561142.0153384,"(3, 2, '00:00:00:00:00:01', 2)",0.0
1686561142.02325,"(3, 2, '00:00:00:00:00:01', 2)",0.0
1686561142.0321302,"(3, 2, '00:00:00:00:00:01', 2)",0.0
1686561142.0376387,"(3, 2, '00:00:00:00:00:01', 2)",0.0
1686561142.043932,"(3, 2, '00:00:00:00:00:01', 2)",0.0
1686561142.052052,"(3, 2, '00:00:00:00:00:01', 2)",0.0
1686561142.0578954,"(3, 2, '00:00:00:00:00:01', 2)",0.0
1686561142.5816388,"(1, 2, '00:00:00:00:00:01', 4294967291)",0.0
1686561142.5884576,"(1, 2, '00:00:00:00:00:01', 4294967291)",0.0
1686561142.5949244,"(1, 2, '00:00:00:00:00:01', 4294967291)",0.0
1686561142.6017866,"(1, 2, '00:00:00:00:00:01', 4294967291)",0.0
1686561142.6094818,"(1, 2, '00:00:00:00:00:01', 4294967291)",0.0
1686561142.6156197,"(1, 2, '00:00:00:00:00:01', 4294967291)",0.0
1686561142.6235094,"(1, 2, '00:00:00:00:00:01', 4294967291)",0.0
1686561142.630108,"(1, 2, '00:00:00:00:00:01', 4294967291)",0.0
1686561142.6373758,"(1, 2, '00:00:00:00:00:01', 4294967291)",0.0
1686561142.6444974,"(1, 2, '00:00:00:00:00:01', 4294967291)",0.0
1686561142.6534457,"(1, 2, '00:00:00:00:00:01', 4294967291)",0.0
1686561142.6591592,"(1, 2, '00:00:00:00:00:01', 4294967291)",0.0
1686561142.6657066,"(1, 2, '00:00:00:00:00:01', 4294967291)",0.0
1686561142.6709394,"(1, 2, '00:00:00:00:00:01', 4294967291)",0.0
1686561142.6740136,"(1, 2, '00:00:00:00:00:01', 4294967291)",0.0
1686561142.68139,"(1, 2, '00:00:00:00:00:01', 4294967291)",0.0
1686561142.6854188,"(1, 2, '00:00:00:00:00:01', 4294967291)",0.0
1686561142.6895792,"(1, 2, '00:00:00:00:00:01', 4294967291)",0.0
1686561142.6921556,"(1, 2, '00:00:00:00:00:01', 4294967291)",0.0
1686561142.6989844,"(1, 3, '00:00:00:00:00:01', 4294967291)",0.0
1686561142.7076719,"(1, 3, '00:00:00:00:00:01', 4294967291)",0.0
1686561142.7142086,"(1, 3, '00:00:00:00:00:01', 4294967291)",0.0
1686561142.72163,"(1, 3, '00:00:00:00:00:01', 4294967291)",0.0
1686561142.73174,"(1, 3, '00:00:00:00:00:01', 4294967291)",0.0
1686561142.7386725,"(1, 3, '00:00:00:00:00:01', 4294967291)",0.0
1686561142.739846,"(1, 3, '00:00:00:00:00:01', 4294967291)",0.0
1686561142.7422857,"(1, 3, '00:00:00:00:00:01', 4294967291)",0.0
1686561142.7496312,"(1, 3, '00:00:00:00:00:01', 4294967291)",0.0
1686561142.7578962,"(1, 3, '00:00:00:00:00:01', 4294967291)",0.0
1686561142.7625663,"(1, 3, '00:00:00:00:00:01', 4294967291)",0.0
1686561142.7690153,"(1, 3, '00:00:00:00:00:01', 4294967291)",0.0
1686561142.7773318,"(1, 3, '00:00:00:00:00:01', 4294967291)",0.0
1686561142.7866955,"(1, 3, '00:00:00:00:00:01', 4294967291)",0.0
1686561142.7948134,"(1, 3, '00:00:00:00:00:01', 4294967291)",0.0
1686561142.8010423,"(1, 3, '00:00:00:00:00:01', 4294967291)",0.0
1686561142.8104281,"(1, 3, '00:00:00:00:00:01', 4294967291)",0.0
1686561142.8173075,"(1, 3, '00:00:00:00:00:01', 4294967291)",0.0
1686561142.8242073,"(1, 3, '00:00:00:00:00:01', 4294967291)",0.0
1686561144.084657,"(4, 1, '00:00:00:00:00:01', 4294967291)",1.6934012411214954
1686561144.0938642,"(4, 1, '00:00:00:00:00:01', 4294967291)",0.516115091615309
1686561144.102219,"(4, 1, '00:00:00:00:00:01', 4294967291)",0.5687678739833918
1686561144.1071808,"(4, 1, '00:00:00:00:00:01', 4294967291)",0.9577306524434194
1686561144.1160996,"(4, 1, '00:00:00:00:00:01', 4294967291)",0.5328093618477332
1686561144.1234417,"(4, 1, '00:00:00:00:00:01', 4294967291)",0.6472262577691185
1686561144.1316078,"(4, 1, '00:00:00:00:00:01', 4294967291)",0.5819197281247264
1686561144.140202,"(4, 1, '00:00:00:00:00:01', 4294967291)",0.5529262520598108
1686561144.1456964,"(4, 1, '00:00:00:00:00:01', 4294967291)",0.864887507398568
1686561144.1531692,"(4, 1, '00:00:00:00:00:01', 4294967291)",0.635910174775867
1686561144.161043,"(4, 1, '00:00:00:00:00:01', 4294967291)",0.0
1686561144.1696253,"(4, 1, '00:00:00:00:00:01', 4294967291)",0.553694269189099
1686561144.1761317,"(4, 1, '00:00:00:00:00:01', 4294967291)",0.7303529720776841
1686561144.1846447,"(4, 1, '00:00:00:00:00:01', 4294967291)",0.0
1686561144.1893163,"(4, 1, '00:00:00:00:00:01', 4294967291)",0.0
1686561144.2003944,"(4, 1, '00:00:00:00:00:01', 4294967291)",0.0
1686561144.2041743,"(4, 1, '00:00:00:00:00:01', 4294967291)",0.0
1686561144.209694,"(4, 1, '00:00:00:00:00:01', 4294967291)",0.0
1686561144.2140129,"(4, 1, '00:00:00:00:00:01', 4294967291)",0.0
1686561144.2232487,"(4, 1, '00:00:00:00:00:01', 4294967291)",0.51451630461046
1686561144.2297502,"(4, 1, '00:00:00:00:00:01', 4294967291)",0.0
1686561144.2359445,"(4, 1, '00:00:00:00:00:01', 4294967291)",0.0
1686561144.2422075,"(4, 1, '00:00:00:00:00:01', 4294967291)",0.0
1686561144.2451277,"(4, 1, '00:00:00:00:00:01', 4294967291)",0.0
1686561144.247145,"(4, 1, '00:00:00:00:00:01', 4294967291)",0.0
1686561144.2519765,"(4, 1, '00:00:00:00:00:01', 4294967291)",0.0
1686561144.2631183,"(4, 2, '00:00:00:00:00:01', 4294967291)",4.855379441656517
1686561144.2691453,"(4, 2, '00:00:00:00:00:01', 4294967291)",0.7884541559397128
1686561144.2814217,"(4, 2, '00:00:00:00:00:01', 4294967291)",0.38708381286049987
1686561144.289323,"(4, 2, '00:00:00:00:00:01', 4294967291)",0.6014101146012493
1686561144.2941198,"(4, 2, '00:00:00:00:00:01', 4294967291)",0.9906721312192455
1686561144.3006406,"(4, 2, '00:00:00:00:00:01', 4294967291)",0.7287507352102377
1686561144.3116693,"(4, 2, '00:00:00:00:00:01', 4294967291)",0.4308732026460288
1686561144.3174987,"(4, 2, '00:00:00:00:00:01', 4294967291)",0.8151874277300614
1686561144.3246715,"(4, 2, '00:00:00:00:00:01', 4294967291)",0.6625006683729433
1686561144.3324177,"(4, 2, '00:00:00:00:00:01', 4294967291)",0.6134605296398893
1686561144.3406367,"(4, 2, '00:00:00:00:00:01', 4294967291)",0.0
1686561144.3484619,"(4, 2, '00:00:00:00:00:01', 4294967291)",0.6072737761798848
1686561144.3567312,"(4, 2, '00:00:00:00:00:01', 4294967291)",0.574654959289586
1686561144.3635614,"(4, 2, '00:00:00:00:00:01', 4294967291)",0.0
1686561144.3687391,"(4, 2, '00:00:00:00:00:01', 4294967291)",0.0
1686561144.3737786,"(4, 2, '00:00:00:00:00:01', 4294967291)",0.0
1686561144.382141,"(4, 2, '00:00:00:00:00:01', 4294967291)",0.0
1686561144.389505,"(4, 2, '00:00:00:00:00:01', 4294967291)",0.0
1686561144.39755,"(4, 2, '00:00:00:00:00:01', 4294967291)",0.0
1686561144.4055493,"(4, 2, '00:00:00:00:00:01', 4294967291)",0.5940607614676164
1686561144.41069,"(4, 2, '00:00:00:00:00:01', 4294967291)",0.0
1686561144.4150853,"(4, 2, '00:00:00:00:00:01', 4294967291)",0.0
1686561144.4221225,"(4, 2, '00:00:00:00:00:01', 4294967291)",0.0
1686561144.4287016,"(4, 2, '00:00:00:00:00:01', 4294967291)",0.0
1686561144.4377606,"(4, 2, '00:00:00:00:00:01', 4294967291)",0.0
1686561144.448103,"(4, 2, '00:00:00:00:00:01', 4294967291)",0.0
1686561145.1130557,"(2, 1, '00:00:00:00:00:01', 2)",0.0
1686561145.1249084,"(2, 1, '00:00:00:00:00:01', 2)",0.0
1686561145.1321743,"(2, 1, '00:00:00:00:00:01', 2)",0.0
1686561145.1388967,"(2, 1, '00:00:00:00:00:01', 2)",0.0
1686561145.1546957,"(2, 1, '00:00:00:00:00:01', 2)",0.0
1686561145.1617799,"(2, 1, '00:00:00:00:00:01', 2)",0.0
1686561145.1692529,"(2, 1, '00:00:00:00:00:01', 2)",0.0
1686561145.177409,"(2, 1, '00:00:00:00:00:01', 2)",0.0
1686561145.1865065,"(2, 1, '00:00:00:00:00:01', 2)",0.0
1686561145.1907513,"(2, 1, '00:00:00:00:00:01', 2)",0.0
1686561145.1978114,"(2, 1, '00:00:00:00:00:01', 2)",0.0
1686561145.2090218,"(2, 1, '00:00:00:00:00:01', 2)",0.0
1686561145.2174592,"(2, 1, '00:00:00:00:00:01', 2)",0.0
1686561145.2224715,"(2, 1, '00:00:00:00:00:01', 2)",0.0
1686561145.2255719,"(2, 1, '00:00:00:00:00:01', 2)",0.0
1686561145.2340531,"(2, 1, '00:00:00:00:00:01', 2)",0.0
1686561145.2388315,"(2, 1, '00:00:00:00:00:01', 2)",0.0
1686561145.245813,"(2, 1, '00:00:00:00:00:01', 2)",0.0
1686561145.2525501,"(2, 1, '00:00:00:00:00:01', 2)",0.0
1686561145.2613883,"(2, 2, '00:00:00:00:00:01', 2)",0.0
1686561145.266732,"(2, 2, '00:00:00:00:00:01', 2)",0.0
1686561145.271957,"(2, 2, '00:00:00:00:00:01', 2)",0.0
1686561145.2782128,"(2, 2, '00:00:00:00:00:01', 2)",0.0
1686561145.2897484,"(2, 2, '00:00:00:00:00:01', 2)",10.298514285714285
1686561145.2925375,"(2, 2, '00:00:00:00:00:01', 2)",44.29942279090442
1686561145.3014219,"(2, 2, '00:00:00:00:00:01', 2)",0.0
1686561145.3101401,"(2, 2, '00:00:00:00:00:01', 2)",0.0
1686561145.314407,"(2, 2, '00:00:00:00:00:01', 2)",0.0
1686561145.3201988,"(2, 2, '00:00:00:00:00:01', 2)",0.0
1686561145.3294308,"(2, 2, '00:00:00:00:00:01', 2)",0.0
1686561145.3353314,"(2, 2, '00:00:00:00:00:01', 2)",0.0
1686561145.341825,"(2, 2, '00:00:00:00:00:01', 2)",0.0
1686561145.3467937,"(2, 2, '00:00:00:00:00:01', 2)",0.0
1686561145.3605561,"(2, 2, '00:00:00:00:00:01', 2)",0.0
1686561145.364649,"(2, 2, '00:00:00:00:00:01', 2)",0.0
1686561145.3715765,"(2, 2, '00:00:00:00:00:01', 2)",0.0
1686561145.3783734,"(2, 2, '00:00:00:00:00:01', 2)",0.0
1686561145.3877437,"(2, 2, '00:00:00:00:00:01', 2)",0.0
1686561145.3932688,"(2, 2, '00:00:00:00:00:01', 2)",0.0
1686561145.4013424,"(2, 2, '00:00:00:00:00:01', 2)",0.0
1686561145.405668,"(2, 2, '00:00:00:00:00:01', 2)",0.0
1686561145.413874,"(2, 2, '00:00:00:00:00:01', 2)",0.0
1686561145.4220405,"(2, 2, '00:00:00:00:00:01', 2)",0.0
1686561145.426179,"(2, 2, '00:00:00:00:00:01', 2)",0.0
1686561145.4339917,"(2, 2, '00:00:00:00:00:01', 2)",0.0
1686561145.8638692,"(3, 1, '00:00:00:00:00:01', 2)",0.0
1686561145.8705938,"(3, 1, '00:00:00:00:00:01', 2)",0.0
1686561145.8776145,"(3, 1, '00:00:00:00:00:01', 2)",0.0
1686561145.883744,"(3, 1, '00:00:00:00:00:01', 2)",0.0
1686561145.891258,"(3, 1, '00:00:00:00:00:01', 2)",0.0
1686561145.9016163,"(3, 1, '00:00:00:00:00:01', 2)",0.0
1686561145.9069908,"(3, 1, '00:00:00:00:00:01', 2)",0.0
1686561145.9175985,"(3, 1, '00:00:00:00:00:01', 2)",0.0
1686561145.9216225,"(3, 1, '00:00:00:00:00:01', 2)",0.0
1686561145.9274628,"(3, 1, '00:00:00:00:00:01', 2)",0.0
1686561145.9338074,"(3, 1, '00:00:00:00:00:01', 2)",0.0
1686561145.941585,"(3, 1, '00:00:00:00:00:01', 2)",0.0
1686561145.9498017,"(3, 1, '00:00:00:00:00:01', 2)",0.0
1686561145.9547832,"(3, 1, '00:00:00:00:00:01', 2)",0.0
1686561145.9613087,"(3, 1, '00:00:00:00:00:01', 2)",0.0
1686561145.9657834,"(3, 1, '00:00:00:00:00:01', 2)",0.0
1686561145.9714189,"(3, 1, '00:00:00:00:00:01', 2)",0.0
1686561145.981812,"(3, 1, '00:00:00:00:00:01', 2)",0.0
1686561145.9892569,"(3, 1, '00:00:00:00:00:01', 2)",0.0
1686561145.997999,"(3, 2, '00:00:00:00:00:01', 2)",1.0628343522636379
1686561146.0015225,"(3, 2, '00:00:00:00:00:01', 2)",0.0
1686561146.0091727,"(3, 2, '00:00:00:00:00:01', 2)",0.0
1686561146.0161521,"(3, 2, '00:00:00:00:00:01', 2)",0.0
1686561146.022543,"(3, 2, '00:00:00:00:00:01', 2)",18.589192881925012
1686561146.0255477,"(3, 2, '00:00:00:00:00:01', 2)",41.11835656653178
1686561146.033908,"(3, 2, '00:00:00:00:00:01', 2)",0.0
1686561146.0416255,"(3, 2, '00:00:00:00:00:01', 2)",0.0
1686561146.0521162,"(3, 2, '00:00:00:00:00:01', 2)",0.0
1686561146.056975,"(3, 2, '00:00:00:00:00:01', 2)",0.0
1686561146.0630076,"(3, 2, '00:00:00:00:00:01', 2)",0.0
1686561146.0707116,"(3, 2, '00:00:00:00:00:01', 2)",0.0
1686561146.0771737,"(3, 2, '00:00:00:00:00:01', 2)",0.0
1686561146.082938,"(3, 2, '00:00:00:00:00:01', 2)",0.0
1686561146.0895505,"(3, 2, '00:00:00:00:00:01', 2)",0.0
1686561146.095533,"(3, 2, '00:00:00:00:00:01', 2)",0.0
1686561146.1055157,"(3, 2, '00:00:00:00:00:01', 2)",0.0
1686561146.109449,"(3, 2, '00:00:00:00:00:01', 2)",0.0
1686561146.114418,"(3, 2, '00:00:00:00:00:01', 2)",0.0
1686561146.1214993,"(3, 2, '00:00:00:00:00:01', 2)",0.0
1686561146.1286306,"(3, 2, '00:00:00:00:00:01', 2)",0.0
1686561146.136803,"(3, 2, '00:00:00:00:00:01', 2)",0.0
1686561146.14233,"(3, 2, '00:00:00:00:00:01', 2)",0.0
1686561146.150939,"(3, 2, '00:00:00:00:00:01', 2)",0.0
1686561146.1562002,"(3, 2, '00:00:00:00:00:01', 2)",0.0
1686561147.016218,"(1, 2, '00:00:00:00:00:01', 4294967291)",0.0
1686561147.0225382,"(1, 2, '00:00:00:00:00:01', 4294967291)",0.0
1686561147.0303013,"(1, 2, '00:00:00:00:00:01', 4294967291)",0.0
1686561147.0369067,"(1, 2, '00:00:00:00:00:01', 4294967291)",0.0
1686561147.0449252,"(1, 2, '00:00:00:00:00:01', 4294967291)",0.0
1686561147.052752,"(1, 2, '00:00:00:00:00:01', 4294967291)",0.0
1686561147.0614781,"(1, 2, '00:00:00:00:00:01', 4294967291)",0.0
1686561147.0677674,"(1, 2, '00:00:00:00:00:01', 4294967291)",0.0
1686561147.0772066,"(1, 2, '00:00:00:00:00:01', 4294967291)",0.0
1686561147.082178,"(1, 2, '00:00:00:00:00:01', 4294967291)",0.0
1686561147.0894113,"(1, 2, '00:00:00:00:00:01', 4294967291)",0.0
1686561147.0977373,"(1, 2, '00:00:00:00:00:01', 4294967291)",0.0
1686561147.101556,"(1, 2, '00:00:00:00:00:01', 4294967291)",0.0
1686561147.1099956,"(1, 2, '00:00:00:00:00:01', 4294967291)",0.0
1686561147.1181374,"(1, 2, '00:00:00:00:00:01', 4294967291)",0.0
1686561147.1260347,"(1, 2, '00:00:00:00:00:01', 4294967291)",0.0
1686561147.1306481,"(1, 2, '00:00:00:00:00:01', 4294967291)",0.0
1686561147.1376524,"(1, 2, '00:00:00:00:00:01', 4294967291)",0.0
1686561147.1492722,"(1, 2, '00:00:00:00:00:01', 4294967291)",0.0
1686561147.1583378,"(1, 2, '00:00:00:00:00:01', 4294967291)",0.0
1686561147.1631145,"(1, 3, '00:00:00:00:00:01', 4294967291)",0.0
1686561147.1698322,"(1, 3, '00:00:00:00:00:01', 4294967291)",0.0
1686561147.174904,"(1, 3, '00:00:00:00:00:01', 4294967291)",0.0
1686561147.1806512,"(1, 3, '00:00:00:00:00:01', 4294967291)",0.0
1686561147.1864407,"(1, 3, '00:00:00:00:00:01', 4294967291)",0.0
1686561147.1990976,"(1, 3, '00:00:00:00:00:01', 4294967291)",0.0
1686561147.202882,"(1, 3, '00:00:00:00:00:01', 4294967291)",0.0
1686561147.2049994,"(1, 3, '00:00:00:00:00:01', 4294967291)",0.0
1686561147.2135613,"(1, 3, '00:00:00:00:00:01', 4294967291)",0.0
1686561147.2205276,"(1, 3, '00:00:00:00:00:01', 4294967291)",0.0
1686561147.2277458,"(1, 3, '00:00:00:00:00:01', 4294967291)",0.0
1686561147.2345905,"(1, 3, '00:00:00:00:00:01', 4294967291)",0.0
1686561147.2403584,"(1, 3, '00:00:00:00:00:01', 4294967291)",0.0
1686561147.2462034,"(1, 3, '00:00:00:00:00:01', 4294967291)",0.0
1686561147.2520945,"(1, 3, '00:00:00:00:00:01', 4294967291)",0.0
1686561147.2561767,"(1, 3, '00:00:00:00:00:01', 4294967291)",0.0
1686561147.2626042,"(1, 3, '00:00:00:00:00:01', 4294967291)",0.0
1686561147.2735794,"(1, 3, '00:00:00:00:00:01', 4294967291)",0.0
1686561147.2851868,"(1, 3, '00:00:00:00:00:01', 4294967291)",0.0
1686561148.1849327,"(4, 1, '00:00:00:00:00:01', 4294967291)",1.627977832884097
1686561148.1900225,"(4, 1, '00:00:00:00:00:01', 4294967291)",0.9336393389544688
1686561148.1984801,"(4, 1, '00:00:00:00:00:01', 4294967291)",0.5618574902181879
1686561148.2055566,"(4, 1, '00:00:00:00:00:01', 4294967291)",0.6715182307873725
1686561148.2117095,"(4, 1, '00:00:00:00:00:01', 4294967291)",0.7723227267020575
1686561148.2201385,"(4, 1, '00:00:00:00:00:01', 4294967291)",0.5637645700062228
1686561148.2284765,"(4, 1, '00:00:00:00:00:01', 4294967291)",0.5699225840100652
1686561148.234523,"(4, 1, '00:00:00:00:00:01', 4294967291)",0.7859048384527424
1686561148.239194,"(4, 1, '00:00:00:00:00:01', 4294967291)",1.017371885457608
1686561148.2473874,"(4, 1, '00:00:00:00:00:01', 4294967291)",0.5799724322877262
1686561148.2540228,"(4, 1, '00:00:00:00:00:01', 4294967291)",0.0
1686561148.261111,"(4, 1, '00:00:00:00:00:01', 4294967291)",0.6704114567103936
1686561148.2681253,"(4, 1, '00:00:00:00:00:01', 4294967291)",0.6774756154996602
1686561148.2770998,"(4, 1, '00:00:00:00:00:01', 4294967291)",0.0
1686561148.2833924,"(4, 1, '00:00:00:00:00:01', 4294967291)",0.0
1686561148.2887385,"(4, 1, '00:00:00:00:00:01', 4294967291)",0.0
1686561148.2955275,"(4, 1, '00:00:00:00:00:01', 4294967291)",0.0
1686561148.3023036,"(4, 1, '00:00:00:00:00:01', 4294967291)",0.0
1686561148.309678,"(4, 1, '00:00:00:00:00:01', 4294967291)",0.0
1686561148.3155723,"(4, 1, '00:00:00:00:00:01', 4294967291)",0.0
1686561148.3217967,"(4, 1, '00:00:00:00:00:01', 4294967291)",0.7634478342207071
1686561148.3283818,"(4, 1, '00:00:00:00:00:01', 4294967291)",0.0
1686561148.333543,"(4, 1, '00:00:00:00:00:01', 4294967291)",0.0
1686561148.3441758,"(4, 1, '00:00:00:00:00:01', 4294967291)",0.0
1686561148.3469477,"(4, 1, '00:00:00:00:00:01', 4294967291)",0.0
1686561148.3535268,"(4, 1, '00:00:00:00:00:01', 4294967291)",0.0
1686561148.3605595,"(4, 2, '00:00:00:00:00:01', 4294967291)",1.5109796534000457
1686561148.3661163,"(4, 2, '00:00:00:00:00:01', 4294967291)",0.8551650837945682
1686561148.3794787,"(4, 2, '00:00:00:00:00:01', 4294967291)",0.35562453356171714
1686561148.3842964,"(4, 2, '00:00:00:00:00:01', 4294967291)",0.9863578268916712
1686561148.3902078,"(4, 2, '00:00:00:00:00:01', 4294967291)",0.8038772528837622
1686561148.3980494,"(4, 2, '00:00:00:00:00:01', 4294967291)",0.6059997752508361
1686561148.4056208,"(4, 2, '00:00:00:00:00:01', 4294967291)",0.6276201343955663
1686561148.4096427,"(4, 2, '00:00:00:00:00:01', 4294967291)",1.1815361081273341
1686561148.4185035,"(4, 2, '00:00:00:00:00:01', 4294967291)",0.536293087797659
1686561148.4202747,"(4, 2, '00:00:00:00:00:01', 4294967291)",2.682909221698748
1686561148.4247007,"(4, 2, '00:00:00:00:00:01', 4294967291)",0.0
1686561148.4311168,"(4, 2, '00:00:00:00:00:01', 4294967291)",0.7406388691613096
1686561148.4373043,"(4, 2, '00:00:00:00:00:01', 4294967291)",0.7680075758323058
1686561148.4433835,"(4, 2, '00:00:00:00:00:01', 4294967291)",0.0
1686561148.456596,"(4, 2, '00:00:00:00:00:01', 4294967291)",0.0
1686561148.4629016,"(4, 2, '00:00:00:00:00:01', 4294967291)",0.0
1686561148.4682167,"(4, 2, '00:00:00:00:00:01', 4294967291)",0.0
1686561148.4744165,"(4, 2, '00:00:00:00:00:01', 4294967291)",0.0
1686561148.4804745,"(4, 2, '00:00:00:00:00:01', 4294967291)",0.0
1686561148.486799,"(4, 2, '00:00:00:00:00:01', 4294967291)",0.0
1686561148.4950738,"(4, 2, '00:00:00:00:00:01', 4294967291)",0.5742741408937678
1686561148.498918,"(4, 2, '00:00:00:00:00:01', 4294967291)",0.0
1686561148.5026622,"(4, 2, '00:00:00:00:00:01', 4294967291)",0.0
1686561148.5074477,"(4, 2, '00:00:00:00:00:01', 4294967291)",0.0
1686561148.5133905,"(4, 2, '00:00:00:00:00:01', 4294967291)",0.0
1686561148.5257103,"(4, 2, '00:00:00:00:00:01', 4294967291)",0.0
1686561149.8791597,"(2, 1, '00:00:00:00:00:01', 2)",0.0
1686561149.8875198,"(2, 1, '00:00:00:00:00:01', 2)",0.0
1686561149.8956141,"(2, 1, '00:00:00:00:00:01', 2)",0.0
1686561149.9030864,"(2, 1, '00:00:00:00:00:01', 2)",0.0
1686561149.910255,"(2, 1, '00:00:00:00:00:01', 2)",0.0
1686561149.9206858,"(2, 1, '00:00:00:00:00:01', 2)",0.0
1686561149.927875,"(2, 1, '00:00:00:00:00:01', 2)",0.0
1686561149.9334364,"(2, 1, '00:00:00:00:00:01', 2)",0.0
1686561149.9393134,"(2, 1, '00:00:00:00:00:01', 2)",0.0
1686561149.9491146,"(2, 1, '00:00:00:00:00:01', 2)",0.0
1686561149.9555166,"(2, 1, '00:00:00:00:00:01', 2)",0.0
1686561149.9589758,"(2, 1, '00:00:00:00:00:01', 2)",0.0
1686561149.9671178,"(2, 1, '00:00:00:00:00:01', 2)",0.0
1686561149.9737287,"(2, 1, '00:00:00:00:00:01', 2)",0.0
1686561149.9802222,"(2, 1, '00:00:00:00:00:01', 2)",0.0
1686561149.9865603,"(2, 1, '00:00:00:00:00:01', 2)",0.0
1686561149.9981213,"(2, 1, '00:00:00:00:00:01', 2)",0.0
1686561150.001266,"(2, 1, '00:00:00:00:00:01', 2)",0.0
1686561150.0073538,"(2, 1, '00:00:00:00:00:01', 2)",0.0
1686561150.0177329,"(2, 1, '00:00:00:00:00:01', 2)",0.0
1686561150.0248523,"(2, 2, '00:00:00:00:00:01', 2)",0.0
1686561150.030079,"(2, 2, '00:00:00:00:00:01', 2)",0.0
1686561150.0381076,"(2, 2, '00:00:00:00:00:01', 2)",0.0
1686561150.0441315,"(2, 2, '00:00:00:00:00:01', 2)",0.0
1686561150.0513031,"(2, 2, '00:00:00:00:00:01', 2)",18.553102161702125
1686561150.0565555,"(2, 2, '00:00:00:00:00:01', 2)",26.23734206227871
1686561150.0681782,"(2, 2, '00:00:00:00:00:01', 2)",0.0
1686561150.0740132,"(2, 2, '00:00:00:00:00:01', 2)",0.0
1686561150.0809586,"(2, 2, '00:00:00:00:00:01', 2)",0.0
1686561150.088003,"(2, 2, '00:00:00:00:00:01', 2)",0.0
1686561150.093475,"(2, 2, '00:00:00:00:00:01', 2)",0.0
1686561150.1044972,"(2, 2, '00:00:00:00:00:01', 2)",0.0
1686561150.107897,"(2, 2, '00:00:00:00:00:01', 2)",0.0
1686561150.1150744,"(2, 2, '00:00:00:00:00:01', 2)",0.0
1686561150.1213183,"(2, 2, '00:00:00:00:00:01', 2)",0.0
1686561150.131317,"(2, 2, '00:00:00:00:00:01', 2)",0.0
1686561150.137277,"(2, 2, '00:00:00:00:00:01', 2)",0.0
1686561150.140974,"(2, 2, '00:00:00:00:00:01', 2)",0.0
1686561150.1510313,"(2, 2, '00:00:00:00:00:01', 2)",0.0
1686561150.1551154,"(2, 2, '00:00:00:00:00:01', 2)",0.0
1686561150.161879,"(2, 2, '00:00:00:00:00:01', 2)",0.0
1686561150.1690593,"(2, 2, '00:00:00:00:00:01', 2)",0.0
1686561150.1765685,"(2, 2, '00:00:00:00:00:01', 2)",0.0
1686561150.1792727,"(2, 2, '00:00:00:00:00:01', 2)",0.0
1686561150.186644,"(2, 2, '00:00:00:00:00:01', 2)",0.0
1686561150.1949558,"(2, 2, '00:00:00:00:00:01', 2)",0.0
1686561150.7774734,"(3, 1, '00:00:00:00:00:01', 2)",0.0
1686561150.7876582,"(3, 1, '00:00:00:00:00:01', 2)",0.0
1686561150.7941666,"(3, 1, '00:00:00:00:00:01', 2)",0.0
1686561150.800916,"(3, 1, '00:00:00:00:00:01', 2)",0.0
1686561150.8102765,"(3, 1, '00:00:00:00:00:01', 2)",0.0
1686561150.8152733,"(3, 1, '00:00:00:00:00:01', 2)",0.0
1686561150.8228984,"(3, 1, '00:00:00:00:00:01', 2)",0.0
1686561150.8294847,"(3, 1, '00:00:00:00:00:01', 2)",0.0
1686561150.832652,"(3, 1, '00:00:00:00:00:01', 2)",0.0
1686561150.839391,"(3, 1, '00:00:00:00:00:01', 2)",0.0
1686561150.8462946,"(3, 1, '00:00:00:00:00:01', 2)",0.0
1686561150.8535795,"(3, 1, '00:00:00:00:00:01', 2)",0.0
1686561150.8601847,"(3, 1, '00:00:00:00:00:01', 2)",0.0
1686561150.868757,"(3, 1, '00:00:00:00:00:01', 2)",0.0
1686561150.8752227,"(3, 1, '00:00:00:00:00:01', 2)",0.0
1686561150.8818793,"(3, 1, '00:00:00:00:00:01', 2)",0.0
1686561150.889931,"(3, 1, '00:00:00:00:00:01', 2)",0.0
1686561150.903202,"(3, 1, '00:00:00:00:00:01', 2)",0.0
1686561150.9048278,"(3, 1, '00:00:00:00:00:01', 2)",0.0
1686561150.9094396,"(3, 1, '00:00:00:00:00:01', 2)",0.0
1686561150.9178197,"(3, 2, '00:00:00:00:00:01', 2)",10.158681247706422
1686561150.9193609,"(3, 2, '00:00:00:00:00:01', 2)",0.0
1686561150.925079,"(3, 2, '00:00:00:00:00:01', 2)",0.0
1686561150.9291837,"(3, 2, '00:00:00:00:00:01', 2)",0.0
1686561150.9329963,"(3, 2, '00:00:00:00:00:01', 2)",34.89946301194422
1686561150.9379637,"(3, 2, '00:00:00:00:00:01', 2)",27.742195614686825
1686561150.943513,"(3, 2, '00:00:00:00:00:01', 2)",0.0
1686561150.9491386,"(3, 2, '00:00:00:00:00:01', 2)",0.0
1686561150.95746,"(3, 2, '00:00:00:00:00:01', 2)",0.0
1686561150.960879,"(3, 2, '00:00:00:00:00:01', 2)",0.0
1686561150.9670093,"(3, 2, '00:00:00:00:00:01', 2)",0.0
1686561150.9788086,"(3, 2, '00:00:00:00:00:01', 2)",0.0
1686561150.984945,"(3, 2, '00:00:00:00:00:01', 2)",0.0
1686561150.9941943,"(3, 2, '00:00:00:00:00:01', 2)",0.0
1686561150.997583,"(3, 2, '00:00:00:00:00:01', 2)",0.0
1686561151.0034714,"(3, 2, '00:00:00:00:00:01', 2)",0.0
1686561151.0110972,"(3, 2, '00:00:00:00:00:01', 2)",0.0
1686561151.0144784,"(3, 2, '00:00:00:00:00:01', 2)",0.0
1686561151.0202734,"(3, 2, '00:00:00:00:00:01', 2)",0.0
1686561151.026725,"(3, 2, '00:00:00:00:00:01', 2)",0.0
1686561151.0319076,"(3, 2, '00:00:00:00:00:01', 2)",0.0
1686561151.0396662,"(3, 2, '00:00:00:00:00:01', 2)",0.0
1686561151.0518243,"(3, 2, '00:00:00:00:00:01', 2)",0.0
1686561151.0573173,"(3, 2, '00:00:00:00:00:01', 2)",0.0
1686561151.0640576,"(3, 2, '00:00:00:00:00:01', 2)",0.0
1686561151.07375,"(3, 2, '00:00:00:00:00:01', 2)",0.0
1686561151.3366976,"(1, 2, '00:00:00:00:00:01', 4294967291)",0.0
1686561151.3442996,"(1, 2, '00:00:00:00:00:01', 4294967291)",0.0
1686561151.3513532,"(1, 2, '00:00:00:00:00:01', 4294967291)",0.0
1686561151.3603296,"(1, 2, '00:00:00:00:00:01', 4294967291)",0.0
1686561151.3653963,"(1, 2, '00:00:00:00:00:01', 4294967291)",0.0
1686561151.3745065,"(1, 2, '00:00:00:00:00:01', 4294967291)",0.0
1686561151.381494,"(1, 2, '00:00:00:00:00:01', 4294967291)",0.0
1686561151.3866715,"(1, 2, '00:00:00:00:00:01', 4294967291)",0.0
1686561151.3941758,"(1, 2, '00:00:00:00:00:01', 4294967291)",0.0
1686561151.401047,"(1, 2, '00:00:00:00:00:01', 4294967291)",0.0
1686561151.4098148,"(1, 2, '00:00:00:00:00:01', 4294967291)",0.0
1686561151.4171,"(1, 2, '00:00:00:00:00:01', 4294967291)",0.0
1686561151.4248686,"(1, 2, '00:00:00:00:00:01', 4294967291)",0.0
1686561151.4333541,"(1, 2, '00:00:00:00:00:01', 4294967291)",0.0
1686561151.4398236,"(1, 2, '00:00:00:00:00:01', 4294967291)",0.0
1686561151.444554,"(1, 2, '00:00:00:00:00:01', 4294967291)",0.0
1686561151.4537303,"(1, 2, '00:00:00:00:00:01', 4294967291)",0.0
1686561151.458658,"(1, 2, '00:00:00:00:00:01', 4294967291)",0.0
1686561151.4654827,"(1, 2, '00:00:00:00:00:01', 4294967291)",0.0
1686561151.474108,"(1, 2, '00:00:00:00:00:01', 4294967291)",0.0
1686561151.4781063,"(1, 2, '00:00:00:00:00:01', 4294967291)",0.0
1686561151.4882452,"(1, 2, '00:00:00:00:00:01', 4294967291)",0.0
1686561151.4913013,"(1, 2, '00:00:00:00:00:01', 4294967291)",0.0
1686561151.494834,"(1, 2, '00:00:00:00:00:01', 4294967291)",0.0
1686561151.5102372,"(1, 3, '00:00:00:00:00:01', 4294967291)",0.0
1686561151.5164254,"(1, 3, '00:00:00:00:00:01', 4294967291)",0.0
1686561151.5205977,"(1, 3, '00:00:00:00:00:01', 4294967291)",0.0
1686561151.5278656,"(1, 3, '00:00:00:00:00:01', 4294967291)",0.0
1686561151.531471,"(1, 3, '00:00:00:00:00:01', 4294967291)",0.0
1686561151.5384173,"(1, 3, '00:00:00:00:00:01', 4294967291)",0.0
1686561151.5474887,"(1, 3, '00:00:00:00:00:01', 4294967291)",0.0
1686561151.5510788,"(1, 3, '00:00:00:00:00:01', 4294967291)",0.0
1686561151.5578916,"(1, 3, '00:00:00:00:00:01', 4294967291)",0.0
1686561151.5654457,"(1, 3, '00:00:00:00:00:01', 4294967291)",0.0
1686561151.5718167,"(1, 3, '00:00:00:00:00:01', 4294967291)",0.0
1686561151.581196,"(1, 3, '00:00:00:00:00:01', 4294967291)",0.0
1686561151.5875633,"(1, 3, '00:00:00:00:00:01', 4294967291)",0.0
1686561151.590801,"(1, 3, '00:00:00:00:00:01', 4294967291)",0.0
1686561151.59836,"(1, 3, '00:00:00:00:00:01', 4294967291)",0.0
1686561151.6098375,"(1, 3, '00:00:00:00:00:01', 4294967291)",0.0
1686561151.613135,"(1, 3, '00:00:00:00:00:01', 4294967291)",0.0
1686561151.617446,"(1, 3, '00:00:00:00:00:01', 4294967291)",0.0
1686561151.625857,"(1, 3, '00:00:00:00:00:01', 4294967291)",0.0
1686561151.6335335,"(1, 3, '00:00:00:00:00:01', 4294967291)",0.0
1686561151.6384056,"(1, 3, '00:00:00:00:00:01', 4294967291)",0.0
1686561151.6452076,"(1, 3, '00:00:00:00:00:01', 4294967291)",0.0
1686561151.653843,"(1, 3, '00:00:00:00:00:01', 4294967291)",0.0
1686561152.25027,"(4, 1, '00:00:00:00:00:01', 4294967291)",5.83299169095698
1686561152.2555308,"(4, 1, '00:00:00:00:00:01', 4294967291)",0.903259884346959
1686561152.2605138,"(4, 1, '00:00:00:00:00:01', 4294967291)",0.9536522778947368
1686561152.2694337,"(4, 1, '00:00:00:00:00:01', 4294967291)",0.5327381554005293
1686561152.2758071,"(4, 1, '00:00:00:00:00:01', 4294967291)",0.745598257070178
1686561152.2851837,"(4, 1, '00:00:00:00:00:01', 4294967291)",0.5067975134255492
1686561152.29033,"(4, 1, '00:00:00:00:00:01', 4294967291)",0.9233881217512161
1686561152.2977324,"(4, 1, '00:00:00:00:00:01', 4294967291)",0.6419522226230353
1686561152.3052576,"(4, 1, '00:00:00:00:00:01', 4294967291)",0.6314777621899058
1686561152.3144693,"(4, 1, '00:00:00:00:00:01', 4294967291)",0.5158612886093641
1686561152.3193653,"(4, 1, '00:00:00:00:00:01', 4294967291)",0.0
1686561152.3243525,"(4, 1, '00:00:00:00:00:01', 4294967291)",0.9528316573286165
1686561152.3313017,"(4, 1, '00:00:00:00:00:01', 4294967291)",0.6838210659072975
1686561152.3398447,"(4, 1, '00:00:00:00:00:01', 4294967291)",0.0
1686561152.3482244,"(4, 1, '00:00:00:00:00:01', 4294967291)",0.0
1686561152.3527834,"(4, 1, '00:00:00:00:00:01', 4294967291)",0.0
1686561152.3633223,"(4, 1, '00:00:00:00:00:01', 4294967291)",0.0
1686561152.3650534,"(4, 1, '00:00:00:00:00:01', 4294967291)",0.0
1686561152.3700948,"(4, 1, '00:00:00:00:00:01', 4294967291)",0.0
1686561152.379478,"(4, 1, '00:00:00:00:00:01', 4294967291)",0.0
1686561152.3857322,"(4, 1, '00:00:00:00:00:01', 4294967291)",0.0
1686561152.390949,"(4, 1, '00:00:00:00:00:01', 4294967291)",0.0
1686561152.3983915,"(4, 1, '00:00:00:00:00:01', 4294967291)",0.6384973285494618
1686561152.4048705,"(4, 1, '00:00:00:00:00:01', 4294967291)",0.0
1686561152.4124067,"(4, 1, '00:00:00:00:00:01', 4294967291)",0.0
1686561152.4226732,"(4, 1, '00:00:00:00:00:01', 4294967291)",0.0
1686561152.429395,"(4, 1, '00:00:00:00:00:01', 4294967291)",0.0
1686561152.4415255,"(4, 2, '00:00:00:00:00:01', 4294967291)",1.1360768700410397
1686561152.4454308,"(4, 2, '00:00:00:00:00:01', 4294967291)",1.2168090725274727
1686561152.4499183,"(4, 2, '00:00:00:00:00:01', 4294967291)",1.058938083519286
1686561152.456721,"(4, 2, '00:00:00:00:00:01', 4294967291)",0.6985361724319209
1686561152.466169,"(4, 2, '00:00:00:00:00:01', 4294967291)",0.5029608511153729
1686561152.4763885,"(4, 2, '00:00:00:00:00:01', 4294967291)",0.46500087740008866
1686561152.4832916,"(4, 2, '00:00:00:00:00:01', 4294967291)",0.6883792432133728
1686561152.4899201,"(4, 2, '00:00:00:00:00:01', 4294967291)",0.7169028346162146
1686561152.4962342,"(4, 2, '00:00:00:00:00:01', 4294967291)",0.7526085642865233
1686561152.5052774,"(4, 2, '00:00:00:00:00:01', 4294967291)",0.5254767363037174
1686561152.5108688,"(4, 2, '00:00:00:00:00:01', 4294967291)",0.0
1686561152.515596,"(4, 2, '00:00:00:00:00:01', 4294967291)",1.0052621479800272
1686561152.5261078,"(4, 2, '00:00:00:00:00:01', 4294967291)",0.4520601634837832
1686561152.529293,"(4, 2, '00:00:00:00:00:01', 4294967291)",0.0
1686561152.5376186,"(4, 2, '00:00:00:00:00:01', 4294967291)",0.0
1686561152.5434456,"(4, 2, '00:00:00:00:00:01', 4294967291)",0.0
1686561152.5538435,"(4, 2, '00:00:00:00:00:01', 4294967291)",0.0
1686561152.5565,"(4, 2, '00:00:00:00:00:01', 4294967291)",0.0
1686561152.56109,"(4, 2, '00:00:00:00:00:01', 4294967291)",0.0
1686561152.5674372,"(4, 2, '00:00:00:00:00:01', 4294967291)",0.0
1686561152.5746453,"(4, 2, '00:00:00:00:00:01', 4294967291)",0.0
1686561152.5867357,"(4, 2, '00:00:00:00:00:01', 4294967291)",0.0
1686561152.5894823,"(4, 2, '00:00:00:00:00:01', 4294967291)",0.0
1686561152.5987291,"(4, 2, '00:00:00:00:00:01', 4294967291)",0.5139060594059406
1686561152.6050467,"(4, 2, '00:00:00:00:00:01', 4294967291)",0.0
1686561152.6100292,"(4, 2, '00:00:00:00:00:01', 4294967291)",0.0
1686561152.6171353,"(4, 2, '00:00:00:00:00:01', 4294967291)",0.0
1686561154.1302648,"(2, 1, '00:00:00:00:00:01', 2)",0.0
1686561154.1363769,"(2, 1, '00:00:00:00:00:01', 2)",0.0
1686561154.1456852,"(2, 1, '00:00:00:00:00:01', 2)",0.0
1686561154.1510482,"(2, 1, '00:00:00:00:00:01', 2)",0.0
1686561154.1622262,"(2, 1, '00:00:00:00:00:01', 2)",0.0
1686561154.1654801,"(2, 1, '00:00:00:00:00:01', 2)",0.0
1686561154.1685226,"(2, 1, '00:00:00:00:00:01', 2)",0.0
1686561154.1752937,"(2, 1, '00:00:00:00:00:01', 2)",0.0
1686561154.1816826,"(2, 1, '00:00:00:00:00:01', 2)",0.0
1686561154.1907969,"(2, 1, '00:00:00:00:00:01', 2)",0.0
1686561154.1959972,"(2, 1, '00:00:00:00:00:01', 2)",0.0
1686561154.203553,"(2, 1, '00:00:00:00:00:01', 2)",0.0
1686561154.2096324,"(2, 1, '00:00:00:00:00:01', 2)",0.0
1686561154.214626,"(2, 1, '00:00:00:00:00:01', 2)",0.0
1686561154.2263536,"(2, 1, '00:00:00:00:00:01', 2)",0.0
1686561154.2318861,"(2, 1, '00:00:00:00:00:01', 2)",0.0
1686561154.241669,"(2, 1, '00:00:00:00:00:01', 2)",0.0
1686561154.2458942,"(2, 1, '00:00:00:00:00:01', 2)",0.0
1686561154.2536156,"(2, 1, '00:00:00:00:00:01', 2)",0.0
1686561154.2595026,"(2, 1, '00:00:00:00:00:01', 2)",0.0
1686561154.262676,"(2, 1, '00:00:00:00:00:01', 2)",0.0
1686561154.2696638,"(2, 1, '00:00:00:00:00:01', 2)",0.0
1686561154.281214,"(2, 2, '00:00:00:00:00:01', 2)",0.0
1686561154.2858663,"(2, 2, '00:00:00:00:00:01', 2)",0.0
1686561154.2896702,"(2, 2, '00:00:00:00:00:01', 2)",0.0
1686561154.2955353,"(2, 2, '00:00:00:00:00:01', 2)",0.0
1686561154.3019238,"(2, 2, '00:00:00:00:00:01', 2)",23.05920174838589
1686561154.3102195,"(2, 2, '00:00:00:00:00:01', 2)",18.33029583147004
1686561154.3168309,"(2, 2, '00:00:00:00:00:01', 2)",0.0
1686561154.324778,"(2, 2, '00:00:00:00:00:01', 2)",0.0
1686561154.3308675,"(2, 2, '00:00:00:00:00:01', 2)",0.0
1686561154.3356168,"(2, 2, '00:00:00:00:00:01', 2)",0.0
1686561154.3457456,"(2, 2, '00:00:00:00:00:01', 2)",0.0
1686561154.3544679,"(2, 2, '00:00:00:00:00:01', 2)",0.0
1686561154.3588014,"(2, 2, '00:00:00:00:00:01', 2)",0.0
1686561154.3658106,"(2, 2, '00:00:00:00:00:01', 2)",0.0
1686561154.3737533,"(2, 2, '00:00:00:00:00:01', 2)",0.0
1686561154.3796003,"(2, 2, '00:00:00:00:00:01', 2)",0.0
1686561154.3862147,"(2, 2, '00:00:00:00:00:01', 2)",0.0
1686561154.392595,"(2, 2, '00:00:00:00:00:01', 2)",0.0
1686561154.4006097,"(2, 2, '00:00:00:00:00:01', 2)",0.0
1686561154.4057076,"(2, 2, '00:00:00:00:00:01', 2)",0.0
1686561154.410458,"(2, 2, '00:00:00:00:00:01', 2)",0.0
1686561154.4159338,"(2, 2, '00:00:00:00:00:01', 2)",0.0
1686561154.42068,"(2, 2, '00:00:00:00:00:01', 2)",0.0
1686561154.4353704,"(2, 2, '00:00:00:00:00:01', 2)",0.0
1686561154.4406328,"(2, 2, '00:00:00:00:00:01', 2)",0.0
1686561154.4483075,"(2, 2, '00:00:00:00:00:01', 2)",0.0
1686561154.7938478,"(3, 1, '00:00:00:00:00:01', 2)",0.0
1686561154.8042653,"(3, 1, '00:00:00:00:00:01', 2)",0.0
1686561154.8137238,"(3, 1, '00:00:00:00:00:01', 2)",0.0
1686561154.8175364,"(3, 1, '00:00:00:00:00:01', 2)",0.0
1686561154.8225431,"(3, 1, '00:00:00:00:00:01', 2)",0.0
1686561154.8312235,"(3, 1, '00:00:00:00:00:01', 2)",0.0
1686561154.8387556,"(3, 1, '00:00:00:00:00:01', 2)",0.0
1686561154.8456607,"(3, 1, '00:00:00:00:00:01', 2)",0.0
1686561154.855579,"(3, 1, '00:00:00:00:00:01', 2)",0.0
1686561154.8614256,"(3, 1, '00:00:00:00:00:01', 2)",0.0
1686561154.864618,"(3, 1, '00:00:00:00:00:01', 2)",0.0
1686561154.8720894,"(3, 1, '00:00:00:00:00:01', 2)",0.0
1686561154.8778288,"(3, 1, '00:00:00:00:00:01', 2)",0.0
1686561154.8856406,"(3, 1, '00:00:00:00:00:01', 2)",0.0
1686561154.8937829,"(3, 1, '00:00:00:00:00:01', 2)",0.0
1686561154.9004152,"(3, 1, '00:00:00:00:00:01', 2)",0.0
1686561154.9045079,"(3, 1, '00:00:00:00:00:01', 2)",0.0
1686561154.9140325,"(3, 1, '00:00:00:00:00:01', 2)",0.0
1686561154.917842,"(3, 1, '00:00:00:00:00:01', 2)",0.0
1686561154.9289672,"(3, 1, '00:00:00:00:00:01', 2)",0.0
1686561154.9325032,"(3, 1, '00:00:00:00:00:01', 2)",0.0
1686561154.9413855,"(3, 1, '00:00:00:00:00:01', 2)",0.0
1686561154.9477654,"(3, 1, '00:00:00:00:00:01', 2)",0.0
1686561154.956034,"(3, 2, '00:00:00:00:00:01', 2)",5.263092846052285
1686561154.9616883,"(3, 2, '00:00:00:00:00:01', 2)",0.0
1686561154.9719214,"(3, 2, '00:00:00:00:00:01', 2)",0.0
1686561154.977561,"(3, 2, '00:00:00:00:00:01', 2)",0.0
1686561154.9860768,"(3, 2, '00:00:00:00:00:01', 2)",17.298597649588444
1686561154.9934225,"(3, 2, '00:00:00:00:00:01', 2)",20.70115687945472
1686561154.9994109,"(3, 2, '00:00:00:00:00:01', 2)",0.0
1686561155.0074697,"(3, 2, '00:00:00:00:00:01', 2)",0.0
1686561155.0137677,"(3, 2, '00:00:00:00:00:01', 2)",0.0
1686561155.0193179,"(3, 2, '00:00:00:00:00:01', 2)",0.0
1686561155.025773,"(3, 2, '00:00:00:00:00:01', 2)",0.0
1686561155.0357292,"(3, 2, '00:00:00:00:00:01', 2)",0.0
1686561155.0418053,"(3, 2, '00:00:00:00:00:01', 2)",0.0
1686561155.0460143,"(3, 2, '00:00:00:00:00:01', 2)",0.0
1686561155.0536745,"(3, 2, '00:00:00:00:00:01', 2)",0.0
1686561155.0626516,"(3, 2, '00:00:00:00:00:01', 2)",0.0
1686561155.070099,"(3, 2, '00:00:00:00:00:01', 2)",0.0
1686561155.0750165,"(3, 2, '00:00:00:00:00:01', 2)",0.0
1686561155.0815647,"(3, 2, '00:00:00:00:00:01', 2)",0.0
1686561155.0874307,"(3, 2, '00:00:00:00:00:01', 2)",0.0
1686561155.0976634,"(3, 2, '00:00:00:00:00:01', 2)",0.0
1686561155.1009583,"(3, 2, '00:00:00:00:00:01', 2)",0.0
1686561155.105422,"(3, 2, '00:00:00:00:00:01', 2)",0.0
1686561155.1124132,"(3, 2, '00:00:00:00:00:01', 2)",0.0
1686561155.1195054,"(3, 2, '00:00:00:00:00:01', 2)",0.0
1686561155.1256406,"(3, 2, '00:00:00:00:00:01', 2)",0.0
1686561155.6823974,"(1, 2, '00:00:00:00:00:01', 4294967291)",0.0
1686561155.6875298,"(1, 2, '00:00:00:00:00:01', 4294967291)",0.0
1686561155.6934783,"(1, 2, '00:00:00:00:00:01', 4294967291)",0.0
1686561155.7013593,"(1, 2, '00:00:00:00:00:01', 4294967291)",0.0
1686561155.7080538,"(1, 2, '00:00:00:00:00:01', 4294967291)",0.0
1686561155.7149425,"(1, 2, '00:00:00:00:00:01', 4294967291)",0.0
1686561155.7231302,"(1, 2, '00:00:00:00:00:01', 4294967291)",0.0
1686561155.7297409,"(1, 2, '00:00:00:00:00:01', 4294967291)",0.0
1686561155.7461379,"(1, 2, '00:00:00:00:00:01', 4294967291)",0.0
1686561155.7540233,"(1, 2, '00:00:00:00:00:01', 4294967291)",0.0
1686561155.7617123,"(1, 2, '00:00:00:00:00:01', 4294967291)",0.0
1686561155.7710612,"(1, 2, '00:00:00:00:00:01', 4294967291)",0.0
1686561155.7791812,"(1, 2, '00:00:00:00:00:01', 4294967291)",0.0
1686561155.7843692,"(1, 2, '00:00:00:00:00:01', 4294967291)",0.0
1686561155.794864,"(1, 2, '00:00:00:00:00:01', 4294967291)",0.0
1686561155.805089,"(1, 2, '00:00:00:00:00:01', 4294967291)",0.0
1686561155.8082893,"(1, 2, '00:00:00:00:00:01', 4294967291)",0.0
1686561155.8147042,"(1, 2, '00:00:00:00:00:01', 4294967291)",0.0
1686561155.819087,"(1, 2, '00:00:00:00:00:01', 4294967291)",0.0
1686561155.827222,"(1, 2, '00:00:00:00:00:01', 4294967291)",0.0
1686561155.8314333,"(1, 2, '00:00:00:00:00:01', 4294967291)",0.0
1686561155.83776,"(1, 2, '00:00:00:00:00:01', 4294967291)",0.0
1686561155.8446367,"(1, 2, '00:00:00:00:00:01', 4294967291)",0.0
1686561155.8555002,"(1, 2, '00:00:00:00:00:01', 4294967291)",0.0
1686561155.8631685,"(1, 2, '00:00:00:00:00:01', 4294967291)",0.0
1686561155.8685844,"(1, 2, '00:00:00:00:00:01', 4294967291)",0.0
1686561155.8748713,"(1, 3, '00:00:00:00:00:01', 4294967291)",0.0
1686561155.8829157,"(1, 3, '00:00:00:00:00:01', 4294967291)",0.0
1686561155.889964,"(1, 3, '00:00:00:00:00:01', 4294967291)",0.0
1686561155.8935075,"(1, 3, '00:00:00:00:00:01', 4294967291)",0.0
1686561155.899482,"(1, 3, '00:00:00:00:00:01', 4294967291)",0.0
1686561155.906891,"(1, 3, '00:00:00:00:00:01', 4294967291)",0.0
1686561155.910634,"(1, 3, '00:00:00:00:00:01', 4294967291)",0.0
1686561155.916707,"(1, 3, '00:00:00:00:00:01', 4294967291)",0.0
1686561155.9231136,"(1, 3, '00:00:00:00:00:01', 4294967291)",0.0
1686561155.9277928,"(1, 3, '00:00:00:00:00:01', 4294967291)",0.0
1686561155.9350362,"(1, 3, '00:00:00:00:00:01', 4294967291)",0.0
1686561155.9393618,"(1, 3, '00:00:00:00:00:01', 4294967291)",0.0
1686561155.9475164,"(1, 3, '00:00:00:00:00:01', 4294967291)",0.0
1686561155.951455,"(1, 3, '00:00:00:00:00:01', 4294967291)",0.0
1686561155.95843,"(1, 3, '00:00:00:00:00:01', 4294967291)",0.0
1686561155.9621496,"(1, 3, '00:00:00:00:00:01', 4294967291)",0.0
1686561155.967233,"(1, 3, '00:00:00:00:00:01', 4294967291)",0.0
1686561155.9755282,"(1, 3, '00:00:00:00:00:01', 4294967291)",0.0
1686561155.9828525,"(1, 3, '00:00:00:00:00:01', 4294967291)",0.0
1686561155.9926445,"(1, 3, '00:00:00:00:00:01', 4294967291)",0.0
1686561156.0018241,"(1, 3, '00:00:00:00:00:01', 4294967291)",0.0
1686561156.0075831,"(1, 3, '00:00:00:00:00:01', 4294967291)",0.0
1686561156.0143094,"(1, 3, '00:00:00:00:00:01', 4294967291)",0.0
1686561156.021572,"(1, 3, '00:00:00:00:00:01', 4294967291)",0.0
1686561156.0280497,"(1, 3, '00:00:00:00:00:01', 4294967291)",0.0
1686561156.0334582,"(1, 3, '00:00:00:00:00:01', 4294967291)",0.0
1686561156.627864,"(4, 1, '00:00:00:00:00:01', 4294967291)",1.7753035190166564
1686561156.635608,"(4, 1, '00:00:00:00:00:01', 4294967291)",0.6136305103906899
1686561156.643766,"(4, 1, '00:00:00:00:00:01', 4294967291)",0.5824979573896016
1686561156.6507041,"(4, 1, '00:00:00:00:00:01', 4294967291)",0.6849019830246383
1686561156.6611524,"(4, 1, '00:00:00:00:00:01', 4294967291)",0.4548144263970974
